b,accuracy,f1,precision,recall,yes_rate
-6.0,0.7043333333333334,0.5810108644307983,0.9967585089141004,0.41,0.20566666666666666
-5.98,0.7105555555555556,0.5935403339054456,0.9963331587218439,0.4226666666666667,0.2121111111111111
-5.960000000000001,0.7105555555555556,0.5935403339054456,0.9963331587218439,0.4226666666666667,0.2121111111111111
-5.940000000000001,0.7105555555555556,0.5935403339054456,0.9963331587218439,0.4226666666666667,0.2121111111111111
-5.920000000000002,0.7105555555555556,0.5935403339054456,0.9963331587218439,0.4226666666666667,0.2121111111111111
-5.900000000000002,0.7105555555555556,0.5935403339054456,0.9963331587218439,0.4226666666666667,0.2121111111111111
-5.880000000000003,0.7105555555555556,0.5935403339054456,0.9963331587218439,0.4226666666666667,0.2121111111111111
-5.860000000000003,0.7148888888888889,0.6020471464019851,0.9964065708418891,0.43133333333333335,0.21644444444444444
-5.840000000000003,0.7148888888888889,0.6020471464019851,0.9964065708418891,0.43133333333333335,0.21644444444444444
-5.820000000000004,0.7148888888888889,0.6020471464019851,0.9964065708418891,0.43133333333333335,0.21644444444444444
-5.800000000000004,0.7148888888888889,0.6020471464019851,0.9964065708418891,0.43133333333333335,0.21644444444444444
-5.780000000000005,0.7148888888888889,0.6020471464019851,0.9964065708418891,0.43133333333333335,0.21644444444444444
-5.760000000000005,0.7148888888888889,0.6020471464019851,0.9964065708418891,0.43133333333333335,0.21644444444444444
-5.7400000000000055,0.7198888888888889,0.6117357153858002,0.9964877069744105,0.44133333333333336,0.22144444444444444
-5.720000000000006,0.7198888888888889,0.6117357153858002,0.9964877069744105,0.44133333333333336,0.22144444444444444
-5.700000000000006,0.7198888888888889,0.6117357153858002,0.9964877069744105,0.44133333333333336,0.22144444444444444
-5.680000000000007,0.7198888888888889,0.6117357153858002,0.9964877069744105,0.44133333333333336,0.22144444444444444
-5.660000000000007,0.7198888888888889,0.6117357153858002,0.9964877069744105,0.44133333333333336,0.22144444444444444
-5.640000000000008,0.7198888888888889,0.6117357153858002,0.9964877069744105,0.44133333333333336,0.22144444444444444
-5.620000000000008,0.7238888888888889,0.6197398622800306,0.995085995085995,0.45,0.22611111111111112
-5.6000000000000085,0.7238888888888889,0.6197398622800306,0.995085995085995,0.45,0.22611111111111112
-5.580000000000009,0.7238888888888889,0.6197398622800306,0.995085995085995,0.45,0.22611111111111112
-5.560000000000009,0.7238888888888889,0.6197398622800306,0.995085995085995,0.45,0.22611111111111112
-5.54000000000001,0.7238888888888889,0.6197398622800306,0.995085995085995,0.45,0.22611111111111112
-5.52000000000001,0.7238888888888889,0.6197398622800306,0.995085995085995,0.45,0.22611111111111112
-5.500000000000011,0.7238888888888889,0.6197398622800306,0.995085995085995,0.45,0.22611111111111112
-5.480000000000011,0.7288888888888889,0.629179331306991,0.9951923076923077,0.46,0.2311111111111111
-5.4600000000000115,0.7288888888888889,0.629179331306991,0.9951923076923077,0.46,0.2311111111111111
-5.440000000000012,0.7288888888888889,0.629179331306991,0.9951923076923077,0.46,0.2311111111111111
-5.420000000000012,0.7288888888888889,0.629179331306991,0.9951923076923077,0.46,0.2311111111111111
-5.400000000000013,0.7288888888888889,0.629179331306991,0.9951923076923077,0.46,0.2311111111111111
-5.380000000000013,0.7288888888888889,0.629179331306991,0.9951923076923077,0.46,0.2311111111111111
-5.360000000000014,0.7315555555555555,0.6341611144760751,0.9952471482889734,0.4653333333333333,0.23377777777777778
-5.340000000000014,0.7315555555555555,0.6341611144760751,0.9952471482889734,0.4653333333333333,0.23377777777777778
-5.3200000000000145,0.7315555555555555,0.6341611144760751,0.9952471482889734,0.4653333333333333,0.23377777777777778
-5.300000000000015,0.7315555555555555,0.6341611144760751,0.9952471482889734,0.4653333333333333,0.23377777777777778
-5.280000000000015,0.7315555555555555,0.6341611144760751,0.9952471482889734,0.4653333333333333,0.23377777777777778
-5.260000000000016,0.7315555555555555,0.6341611144760751,0.9952471482889734,0.4653333333333333,0.23377777777777778
-5.240000000000016,0.7355555555555555,0.6415662650602411,0.9953271028037384,0.47333333333333333,0.23777777777777778
-5.220000000000017,0.7355555555555555,0.6415662650602411,0.9953271028037384,0.47333333333333333,0.23777777777777778
-5.200000000000017,0.7355555555555555,0.6415662650602411,0.9953271028037384,0.47333333333333333,0.23777777777777778
-5.1800000000000175,0.7355555555555555,0.6415662650602411,0.9953271028037384,0.47333333333333333,0.23777777777777778
-5.160000000000018,0.7355555555555555,0.6415662650602411,0.9953271028037384,0.47333333333333333,0.23777777777777778
-5.140000000000018,0.7355555555555555,0.6415662650602411,0.9953271028037384,0.47333333333333333,0.23777777777777778
-5.120000000000019,0.7417777777777778,0.6530307554493879,0.9949954504094631,0.486,0.24422222222222223
-5.100000000000019,0.7417777777777778,0.6530307554493879,0.9949954504094631,0.486,0.24422222222222223
-5.08000000000002,0.7417777777777778,0.6530307554493879,0.9949954504094631,0.486,0.24422222222222223
-5.06000000000002,0.7417777777777778,0.6530307554493879,0.9949954504094631,0.486,0.24422222222222223
-5.0400000000000205,0.7417777777777778,0.6530307554493879,0.9949954504094631,0.486,0.24422222222222223
-5.020000000000021,0.7417777777777778,0.6530307554493879,0.9949954504094631,0.486,0.24422222222222223
-5.000000000000021,0.7417777777777778,0.6530307554493879,0.9949954504094631,0.486,0.24422222222222223
-4.980000000000022,0.7484444444444445,0.6649896419058894,0.9951284322409212,0.49933333333333335,0.2508888888888889
-4.960000000000022,0.7484444444444445,0.6649896419058894,0.9951284322409212,0.49933333333333335,0.2508888888888889
-4.940000000000023,0.7484444444444445,0.6649896419058894,0.9951284322409212,0.49933333333333335,0.2508888888888889
-4.920000000000023,0.7484444444444445,0.6649896419058894,0.9951284322409212,0.49933333333333335,0.2508888888888889
-4.9000000000000234,0.7484444444444445,0.6649896419058894,0.9951284322409212,0.49933333333333335,0.2508888888888889
-4.880000000000024,0.7484444444444445,0.6649896419058894,0.9951284322409212,0.49933333333333335,0.2508888888888889
-4.860000000000024,0.7536666666666667,0.6743058616130454,0.9947984395318595,0.51,0.25633333333333336
-4.840000000000025,0.7536666666666667,0.6743058616130454,0.9947984395318595,0.51,0.25633333333333336
-4.820000000000025,0.7536666666666667,0.6743058616130454,0.9947984395318595,0.51,0.25633333333333336
-4.800000000000026,0.7536666666666667,0.6743058616130454,0.9947984395318595,0.51,0.25633333333333336
-4.780000000000026,0.7536666666666667,0.6743058616130454,0.9947984395318595,0.51,0.25633333333333336
-4.760000000000026,0.7536666666666667,0.6743058616130454,0.9947984395318595,0.51,0.25633333333333336
-4.740000000000027,0.758,0.6818580192813322,0.9948849104859335,0.5186666666666667,0.26066666666666666
-4.720000000000027,0.758,0.6818580192813322,0.9948849104859335,0.5186666666666667,0.26066666666666666
-4.700000000000028,0.758,0.6818580192813322,0.9948849104859335,0.5186666666666667,0.26066666666666666
-4.680000000000028,0.758,0.6818580192813322,0.9948849104859335,0.5186666666666667,0.26066666666666666
-4.660000000000029,0.758,0.6818580192813322,0.9948849104859335,0.5186666666666667,0.26066666666666666
-4.640000000000029,0.758,0.6818580192813322,0.9948849104859335,0.5186666666666667,0.26066666666666666
-4.620000000000029,0.762,0.6887532693984306,0.9949622166246851,0.5266666666666666,0.26466666666666666
-4.60000000000003,0.762,0.6887532693984306,0.9949622166246851,0.5266666666666666,0.26466666666666666
-4.58000000000003,0.762,0.6887532693984306,0.9949622166246851,0.5266666666666666,0.26466666666666666
-4.560000000000031,0.762,0.6887532693984306,0.9949622166246851,0.5266666666666666,0.26466666666666666
-4.540000000000031,0.762,0.6887532693984306,0.9949622166246851,0.5266666666666666,0.26466666666666666
-4.5200000000000315,0.762,0.6887532693984306,0.9949622166246851,0.5266666666666666,0.26466666666666666
-4.500000000000032,0.762,0.6887532693984306,0.9949622166246851,0.5266666666666666,0.26466666666666666
-4.480000000000032,0.766,0.6955767562879445,0.9950372208436724,0.5346666666666666,0.26866666666666666
-4.460000000000033,0.766,0.6955767562879445,0.9950372208436724,0.5346666666666666,0.26866666666666666
-4.440000000000033,0.766,0.6955767562879445,0.9950372208436724,0.5346666666666666,0.26866666666666666
-4.420000000000034,0.766,0.6955767562879445,0.9950372208436724,0.5346666666666666,0.26866666666666666
-4.400000000000034,0.766,0.6955767562879445,0.9950372208436724,0.5346666666666666,0.26866666666666666
-4.3800000000000345,0.766,0.6955767562879445,0.9950372208436724,0.5346666666666666,0.26866666666666666
-4.360000000000035,0.7698888888888888,0.7022286125089863,0.994704684317719,0.5426666666666666,0.2727777777777778
-4.340000000000035,0.7698888888888888,0.7022286125089863,0.994704684317719,0.5426666666666666,0.2727777777777778
-4.320000000000036,0.7698888888888888,0.7022286125089863,0.994704684317719,0.5426666666666666,0.2727777777777778
-4.300000000000036,0.7698888888888888,0.7022286125089863,0.994704684317719,0.5426666666666666,0.2727777777777778
-4.280000000000037,0.7698888888888888,0.7022286125089863,0.994704684317719,0.5426666666666666,0.2727777777777778
-4.260000000000037,0.7698888888888888,0.7022286125089863,0.994704684317719,0.5426666666666666,0.2727777777777778
-4.2400000000000375,0.7758888888888889,0.7122271365387359,0.9948186528497409,0.5546666666666666,0.2787777777777778
-4.220000000000038,0.7758888888888889,0.7122271365387359,0.9948186528497409,0.5546666666666666,0.2787777777777778
-4.200000000000038,0.7758888888888889,0.7122271365387359,0.9948186528497409,0.5546666666666666,0.2787777777777778
-4.180000000000039,0.7758888888888889,0.7122271365387359,0.9948186528497409,0.5546666666666666,0.2787777777777778
-4.160000000000039,0.7758888888888889,0.7122271365387359,0.9948186528497409,0.5546666666666666,0.2787777777777778
-4.14000000000004,0.7758888888888889,0.7122271365387359,0.9948186528497409,0.5546666666666666,0.2787777777777778
-4.12000000000004,0.7817777777777778,0.7219705549263874,0.9945397815912637,0.5666666666666667,0.2848888888888889
-4.1000000000000405,0.7817777777777778,0.7219705549263874,0.9945397815912637,0.5666666666666667,0.2848888888888889
-4.080000000000041,0.7817777777777778,0.7219705549263874,0.9945397815912637,0.5666666666666667,0.2848888888888889
-4.060000000000041,0.7817777777777778,0.7219705549263874,0.9945397815912637,0.5666666666666667,0.2848888888888889
-4.040000000000042,0.7817777777777778,0.7219705549263874,0.9945397815912637,0.5666666666666667,0.2848888888888889
-4.020000000000042,0.7817777777777778,0.7219705549263874,0.9945397815912637,0.5666666666666667,0.2848888888888889
-4.000000000000043,0.7817777777777778,0.7219705549263874,0.9945397815912637,0.5666666666666667,0.2848888888888889
-3.980000000000043,0.7853333333333333,0.7278106508875739,0.9942263279445728,0.574,0.2886666666666667
-3.9600000000000435,0.7853333333333333,0.7278106508875739,0.9942263279445728,0.574,0.2886666666666667
-3.940000000000044,0.7853333333333333,0.7278106508875739,0.9942263279445728,0.574,0.2886666666666667
-3.9200000000000443,0.7853333333333333,0.7278106508875739,0.9942263279445728,0.574,0.2886666666666667
-3.9000000000000448,0.7853333333333333,0.7278106508875739,0.9942263279445728,0.574,0.2886666666666667
-3.880000000000045,0.7853333333333333,0.7278106508875739,0.9942263279445728,0.574,0.2886666666666667
-3.8600000000000456,0.7863333333333333,0.729421696918531,0.9942462600690449,0.576,0.2896666666666667
-3.840000000000046,0.7863333333333333,0.729421696918531,0.9942462600690449,0.576,0.2896666666666667
-3.8200000000000465,0.7863333333333333,0.729421696918531,0.9942462600690449,0.576,0.2896666666666667
-3.800000000000047,0.7863333333333333,0.729421696918531,0.9942462600690449,0.576,0.2896666666666667
-3.7800000000000473,0.7863333333333333,0.729421696918531,0.9942462600690449,0.576,0.2896666666666667
-3.7600000000000477,0.7863333333333333,0.729421696918531,0.9942462600690449,0.576,0.2896666666666667
-3.740000000000048,0.7887777777777778,0.7334922192625823,0.9935434865172806,0.5813333333333334,0.29255555555555557
-3.7200000000000486,0.7887777777777778,0.7334922192625823,0.9935434865172806,0.5813333333333334,0.29255555555555557
-3.700000000000049,0.7887777777777778,0.7334922192625823,0.9935434865172806,0.5813333333333334,0.29255555555555557
-3.6800000000000495,0.7887777777777778,0.7334922192625823,0.9935434865172806,0.5813333333333334,0.29255555555555557
-3.66000000000005,0.7887777777777778,0.7334922192625823,0.9935434865172806,0.5813333333333334,0.29255555555555557
-3.6400000000000503,0.7887777777777778,0.7334922192625823,0.9935434865172806,0.5813333333333334,0.29255555555555557
-3.6200000000000507,0.7915555555555556,0.7380619938564646,0.992862509391435,0.5873333333333334,0.29577777777777775
-3.600000000000051,0.7915555555555556,0.7380619938564646,0.992862509391435,0.5873333333333334,0.29577777777777775
-3.5800000000000516,0.7915555555555556,0.7380619938564646,0.992862509391435,0.5873333333333334,0.29577777777777775
-3.560000000000052,0.7915555555555556,0.7380619938564646,0.992862509391435,0.5873333333333334,0.29577777777777775
-3.5400000000000524,0.7915555555555556,0.7380619938564646,0.992862509391435,0.5873333333333334,0.29577777777777775
-3.520000000000053,0.7915555555555556,0.7380619938564646,0.992862509391435,0.5873333333333334,0.29577777777777775
-3.5000000000000533,0.7915555555555556,0.7380619938564646,0.992862509391435,0.5873333333333334,0.29577777777777775
-3.4800000000000537,0.7955555555555556,0.7443734370658518,0.9929577464788732,0.5953333333333334,0.29977777777777775
-3.460000000000054,0.7955555555555556,0.7443734370658518,0.9929577464788732,0.5953333333333334,0.29977777777777775
-3.4400000000000546,0.7955555555555556,0.7443734370658518,0.9929577464788732,0.5953333333333334,0.29977777777777775
-3.420000000000055,0.7955555555555556,0.7443734370658518,0.9929577464788732,0.5953333333333334,0.29977777777777775
-3.4000000000000554,0.7955555555555556,0.7443734370658518,0.9929577464788732,0.5953333333333334,0.29977777777777775
-3.380000000000056,0.7955555555555556,0.7443734370658518,0.9929577464788732,0.5953333333333334,0.29977777777777775
-3.3600000000000563,0.8018888888888889,0.754238456237078,0.993103448275862,0.608,0.3061111111111111
-3.3400000000000567,0.8018888888888889,0.754238456237078,0.993103448275862,0.608,0.3061111111111111
-3.320000000000057,0.8018888888888889,0.754238456237078,0.993103448275862,0.608,0.3061111111111111
-3.3000000000000576,0.8018888888888889,0.754238456237078,0.993103448275862,0.608,0.3061111111111111
-3.280000000000058,0.8018888888888889,0.754238456237078,0.993103448275862,0.608,0.3061111111111111
-3.2600000000000584,0.8018888888888889,0.754238456237078,0.993103448275862,0.608,0.3061111111111111
-3.240000000000059,0.8067777777777778,0.7618134502122997,0.9928596929667975,0.618,0.31122222222222223
-3.2200000000000593,0.8067777777777778,0.7618134502122997,0.9928596929667975,0.618,0.31122222222222223
-3.2000000000000597,0.8067777777777778,0.7618134502122997,0.9928596929667975,0.618,0.31122222222222223
-3.18000000000006,0.8067777777777778,0.7618134502122997,0.9928596929667975,0.618,0.31122222222222223
-3.1600000000000605,0.8067777777777778,0.7618134502122997,0.9928596929667975,0.618,0.31122222222222223
-3.140000000000061,0.8067777777777778,0.7618134502122997,0.9928596929667975,0.618,0.31122222222222223
-3.1200000000000614,0.8112222222222222,0.7686861810755615,0.9922671353251318,0.6273333333333333,0.3161111111111111
-3.100000000000062,0.8112222222222222,0.7686861810755615,0.9922671353251318,0.6273333333333333,0.3161111111111111
-3.0800000000000622,0.8112222222222222,0.7686861810755615,0.9922671353251318,0.6273333333333333,0.3161111111111111
-3.0600000000000627,0.8112222222222222,0.7686861810755615,0.9922671353251318,0.6273333333333333,0.3161111111111111
-3.040000000000063,0.8112222222222222,0.7686861810755615,0.9922671353251318,0.6273333333333333,0.3161111111111111
-3.0200000000000635,0.8112222222222222,0.7686861810755615,0.9922671353251318,0.6273333333333333,0.3161111111111111
-3.000000000000064,0.8112222222222222,0.7686861810755615,0.9922671353251318,0.6273333333333333,0.3161111111111111
-2.9800000000000644,0.813,0.771858479056527,0.9895724713242962,0.6326666666666667,0.31966666666666665
-2.960000000000065,0.813,0.771858479056527,0.9895724713242962,0.6326666666666667,0.31966666666666665
-2.9400000000000652,0.813,0.771858479056527,0.9895724713242962,0.6326666666666667,0.31966666666666665
-2.9200000000000657,0.813,0.771858479056527,0.9895724713242962,0.6326666666666667,0.31966666666666665
-2.900000000000066,0.813,0.771858479056527,0.9895724713242962,0.6326666666666667,0.31966666666666665
-2.8800000000000665,0.813,0.771858479056527,0.9895724713242962,0.6326666666666667,0.31966666666666665
-2.860000000000067,0.816,0.7766990291262136,0.9876543209876543,0.64,0.324
-2.8400000000000674,0.816,0.7766990291262136,0.9876543209876543,0.64,0.324
-2.820000000000068,0.816,0.7766990291262136,0.9876543209876543,0.64,0.324
-2.800000000000068,0.816,0.7766990291262136,0.9876543209876543,0.64,0.324
-2.7800000000000686,0.816,0.7766990291262136,0.9876543209876543,0.64,0.324
-2.760000000000069,0.816,0.7766990291262136,0.9876543209876543,0.64,0.324
-2.7400000000000695,0.8204444444444444,0.7835521028663273,0.9861766689143627,0.65,0.32955555555555555
-2.72000000000007,0.8204444444444444,0.7835521028663273,0.9861766689143627,0.65,0.32955555555555555
-2.7000000000000703,0.8204444444444444,0.7835521028663273,0.9861766689143627,0.65,0.32955555555555555
-2.6800000000000708,0.8204444444444444,0.7835521028663273,0.9861766689143627,0.65,0.32955555555555555
-2.660000000000071,0.8204444444444444,0.7835521028663273,0.9861766689143627,0.65,0.32955555555555555
-2.6400000000000716,0.8204444444444444,0.7835521028663273,0.9861766689143627,0.65,0.32955555555555555
-2.620000000000072,0.8254444444444444,0.7908401011849288,0.9863832613749585,0.66,0.33455555555555555
-2.6000000000000725,0.8254444444444444,0.7908401011849288,0.9863832613749585,0.66,0.33455555555555555
-2.580000000000073,0.8254444444444444,0.7908401011849288,0.9863832613749585,0.66,0.33455555555555555
-2.5600000000000733,0.8254444444444444,0.7908401011849288,0.9863832613749585,0.66,0.33455555555555555
-2.5400000000000738,0.8254444444444444,0.7908401011849288,0.9863832613749585,0.66,0.33455555555555555
-2.520000000000074,0.8254444444444444,0.7908401011849288,0.9863832613749585,0.66,0.33455555555555555
-2.5000000000000746,0.8254444444444444,0.7908401011849288,0.9863832613749585,0.66,0.33455555555555555
-2.480000000000075,0.8277777777777777,0.7943751658264792,0.9855167873601053,0.6653333333333333,0.33755555555555555
-2.4600000000000755,0.8277777777777777,0.7943751658264792,0.9855167873601053,0.6653333333333333,0.33755555555555555
-2.440000000000076,0.8277777777777777,0.7943751658264792,0.9855167873601053,0.6653333333333333,0.33755555555555555
-2.4200000000000763,0.8277777777777777,0.7943751658264792,0.9855167873601053,0.6653333333333333,0.33755555555555555
-2.4000000000000767,0.8277777777777777,0.7943751658264792,0.9855167873601053,0.6653333333333333,0.33755555555555555
-2.380000000000077,0.8277777777777777,0.7943751658264792,0.9855167873601053,0.6653333333333333,0.33755555555555555
-2.3600000000000776,0.8317777777777777,0.8001056245048852,0.9856864020819779,0.6733333333333333,0.34155555555555556
-2.340000000000078,0.8317777777777777,0.8001056245048852,0.9856864020819779,0.6733333333333333,0.34155555555555556
-2.3200000000000784,0.8317777777777777,0.8001056245048852,0.9856864020819779,0.6733333333333333,0.34155555555555556
-2.300000000000079,0.8317777777777777,0.8001056245048852,0.9856864020819779,0.6733333333333333,0.34155555555555556
-2.2800000000000793,0.8317777777777777,0.8001056245048852,0.9856864020819779,0.6733333333333333,0.34155555555555556
-2.2600000000000797,0.8317777777777777,0.8001056245048852,0.9856864020819779,0.6733333333333333,0.34155555555555556
-2.24000000000008,0.8353333333333334,0.8053585500394012,0.9845857418111753,0.6813333333333333,0.346
-2.2200000000000806,0.8353333333333334,0.8053585500394012,0.9845857418111753,0.6813333333333333,0.346
-2.200000000000081,0.8353333333333334,0.8053585500394012,0.9845857418111753,0.6813333333333333,0.346
-2.1800000000000814,0.8353333333333334,0.8053585500394012,0.9845857418111753,0.6813333333333333,0.346
-2.160000000000082,0.8353333333333334,0.8053585500394012,0.9845857418111753,0.6813333333333333,0.346
-2.1400000000000823,0.8353333333333334,0.8053585500394012,0.9845857418111753,0.6813333333333333,0.346
-2.1200000000000827,0.8368888888888889,0.8077527501309586,0.9834183673469388,0.6853333333333333,0.34844444444444445
-2.100000000000083,0.8368888888888889,0.8077527501309586,0.9834183673469388,0.6853333333333333,0.34844444444444445
-2.0800000000000836,0.8368888888888889,0.8077527501309586,0.9834183673469388,0.6853333333333333,0.34844444444444445
-2.060000000000084,0.8368888888888889,0.8077527501309586,0.9834183673469388,0.6853333333333333,0.34844444444444445
-2.0400000000000844,0.8368888888888889,0.8077527501309586,0.9834183673469388,0.6853333333333333,0.34844444444444445
-2.020000000000085,0.8368888888888889,0.8077527501309586,0.9834183673469388,0.6853333333333333,0.34844444444444445
-2.0000000000000853,0.8368888888888889,0.8077527501309586,0.9834183673469388,0.6853333333333333,0.34844444444444445
-1.9800000000000857,0.8388888888888889,0.810704960835509,0.9825949367088608,0.69,0.3511111111111111
-1.9600000000000861,0.8388888888888889,0.810704960835509,0.9825949367088608,0.69,0.3511111111111111
-1.9400000000000865,0.8388888888888889,0.810704960835509,0.9825949367088608,0.69,0.3511111111111111
-1.920000000000087,0.8388888888888889,0.810704960835509,0.9825949367088608,0.69,0.3511111111111111
-1.9000000000000874,0.8388888888888889,0.810704960835509,0.9825949367088608,0.69,0.3511111111111111
-1.8800000000000878,0.8388888888888889,0.810704960835509,0.9825949367088608,0.69,0.3511111111111111
-1.8600000000000882,0.8404444444444444,0.8133610605666752,0.9796493425172198,0.6953333333333334,0.35488888888888886
-1.8400000000000887,0.8404444444444444,0.8133610605666752,0.9796493425172198,0.6953333333333334,0.35488888888888886
-1.820000000000089,0.8404444444444444,0.8133610605666752,0.9796493425172198,0.6953333333333334,0.35488888888888886
-1.8000000000000895,0.8404444444444444,0.8133610605666752,0.9796493425172198,0.6953333333333334,0.35488888888888886
-1.78000000000009,0.8404444444444444,0.8133610605666752,0.9796493425172198,0.6953333333333334,0.35488888888888886
-1.7600000000000904,0.8404444444444444,0.8133610605666752,0.9796493425172198,0.6953333333333334,0.35488888888888886
-1.7400000000000908,0.8438888888888889,0.8183581124757595,0.9783616692426584,0.7033333333333334,0.35944444444444446
-1.7200000000000912,0.8438888888888889,0.8183581124757595,0.9783616692426584,0.7033333333333334,0.35944444444444446
-1.7000000000000917,0.8438888888888889,0.8183581124757595,0.9783616692426584,0.7033333333333334,0.35944444444444446
-1.680000000000092,0.8438888888888889,0.8183581124757595,0.9783616692426584,0.7033333333333334,0.35944444444444446
-1.6600000000000925,0.8438888888888889,0.8183581124757595,0.9783616692426584,0.7033333333333334,0.35944444444444446
-1.640000000000093,0.8438888888888889,0.8183581124757595,0.9783616692426584,0.7033333333333334,0.35944444444444446
-1.6200000000000934,0.848,0.8240740740740741,0.978021978021978,0.712,0.364
-1.6000000000000938,0.848,0.8240740740740741,0.978021978021978,0.712,0.364
-1.5800000000000942,0.848,0.8240740740740741,0.978021978021978,0.712,0.364
-1.5600000000000946,0.848,0.8240740740740741,0.978021978021978,0.712,0.364
-1.540000000000095,0.848,0.8240740740740741,0.978021978021978,0.712,0.364
-1.5200000000000955,0.848,0.8240740740740741,0.978021978021978,0.712,0.364
-1.500000000000096,0.848,0.8240740740740741,0.978021978021978,0.712,0.364
-1.4800000000000963,0.8501111111111112,0.8271620755925689,0.9767019667170953,0.7173333333333334,0.3672222222222222
-1.4600000000000968,0.8501111111111112,0.8271620755925689,0.9767019667170953,0.7173333333333334,0.3672222222222222
-1.4400000000000972,0.8501111111111112,0.8271620755925689,0.9767019667170953,0.7173333333333334,0.3672222222222222
-1.4200000000000976,0.8501111111111112,0.8271620755925689,0.9767019667170953,0.7173333333333334,0.3672222222222222
-1.400000000000098,0.8501111111111112,0.8271620755925689,0.9767019667170953,0.7173333333333334,0.3672222222222222
-1.3800000000000985,0.8501111111111112,0.8271620755925689,0.9767019667170953,0.7173333333333334,0.3672222222222222
-1.360000000000099,0.853,0.8312284730195176,0.9757412398921833,0.724,0.371
-1.3400000000000993,0.853,0.8312284730195176,0.9757412398921833,0.724,0.371
-1.3200000000000998,0.853,0.8312284730195176,0.9757412398921833,0.724,0.371
-1.3000000000001002,0.853,0.8312284730195176,0.9757412398921833,0.724,0.371
-1.2800000000001006,0.853,0.8312284730195176,0.9757412398921833,0.724,0.371
-1.260000000000101,0.853,0.8312284730195176,0.9757412398921833,0.724,0.371
-1.2400000000001015,0.8564444444444445,0.8360406091370559,0.9745562130177515,0.732,0.37555555555555553
-1.220000000000102,0.8564444444444445,0.8360406091370559,0.9745562130177515,0.732,0.37555555555555553
-1.2000000000001023,0.8564444444444445,0.8360406091370559,0.9745562130177515,0.732,0.37555555555555553
-1.1800000000001027,0.8564444444444445,0.8360406091370559,0.9745562130177515,0.732,0.37555555555555553
-1.1600000000001032,0.8564444444444445,0.8360406091370559,0.9745562130177515,0.732,0.37555555555555553
-1.1400000000001036,0.8564444444444445,0.8360406091370559,0.9745562130177515,0.732,0.37555555555555553
-1.120000000000104,0.8581111111111112,0.8386199924175407,0.9721652505127454,0.7373333333333333,0.37922222222222224
-1.1000000000001044,0.8581111111111112,0.8386199924175407,0.9721652505127454,0.7373333333333333,0.37922222222222224
-1.0800000000001049,0.8581111111111112,0.8386199924175407,0.9721652505127454,0.7373333333333333,0.37922222222222224
-1.0600000000001053,0.8581111111111112,0.8386199924175407,0.9721652505127454,0.7373333333333333,0.37922222222222224
-1.0400000000001057,0.8581111111111112,0.8386199924175407,0.9721652505127454,0.7373333333333333,0.37922222222222224
-1.0200000000001062,0.8581111111111112,0.8386199924175407,0.9721652505127454,0.7373333333333333,0.37922222222222224
-1.0000000000001066,0.8581111111111112,0.8386199924175407,0.9721652505127454,0.7373333333333333,0.37922222222222224
-0.980000000000107,0.8606666666666667,0.8422641509433962,0.9704347826086956,0.744,0.38333333333333336
-0.9600000000001074,0.8606666666666667,0.8422641509433962,0.9704347826086956,0.744,0.38333333333333336
-0.9400000000001079,0.8606666666666667,0.8422641509433962,0.9704347826086956,0.744,0.38333333333333336
-0.9200000000001083,0.8606666666666667,0.8422641509433962,0.9704347826086956,0.744,0.38333333333333336
-0.9000000000001087,0.8606666666666667,0.8422641509433962,0.9704347826086956,0.744,0.38333333333333336
-0.8800000000001091,0.8606666666666667,0.8422641509433962,0.9704347826086956,0.744,0.38333333333333336
-0.8600000000001096,0.8638888888888889,0.8465104623480767,0.9704108014938236,0.7506666666666667,0.3867777777777778
-0.84000000000011,0.8638888888888889,0.8465104623480767,0.9704108014938236,0.7506666666666667,0.3867777777777778
-0.8200000000001104,0.8638888888888889,0.8465104623480767,0.9704108014938236,0.7506666666666667,0.3867777777777778
-0.8000000000001108,0.8638888888888889,0.8465104623480767,0.9704108014938236,0.7506666666666667,0.3867777777777778
-0.7800000000001113,0.8638888888888889,0.8465104623480767,0.9704108014938236,0.7506666666666667,0.3867777777777778
-0.7600000000001117,0.8638888888888889,0.8465104623480767,0.9704108014938236,0.7506666666666667,0.3867777777777778
-0.7400000000001121,0.8695555555555555,0.8539437671062454,0.9700395703787451,0.7626666666666667,0.39311111111111113
-0.7200000000001125,0.8695555555555555,0.8539437671062454,0.9700395703787451,0.7626666666666667,0.39311111111111113
-0.700000000000113,0.8695555555555555,0.8539437671062454,0.9700395703787451,0.7626666666666667,0.39311111111111113
-0.6800000000001134,0.8695555555555555,0.8539437671062454,0.9700395703787451,0.7626666666666667,0.39311111111111113
-0.6600000000001138,0.8695555555555555,0.8539437671062454,0.9700395703787451,0.7626666666666667,0.39311111111111113
-0.6400000000001143,0.8695555555555555,0.8539437671062454,0.9700395703787451,0.7626666666666667,0.39311111111111113
-0.6200000000001147,0.8717777777777778,0.8573547589616811,0.966016713091922,0.7706666666666667,0.3988888888888889
-0.6000000000001151,0.8717777777777778,0.8573547589616811,0.966016713091922,0.7706666666666667,0.3988888888888889
-0.5800000000001155,0.8717777777777778,0.8573547589616811,0.966016713091922,0.7706666666666667,0.3988888888888889
-0.560000000000116,0.8717777777777778,0.8573547589616811,0.966016713091922,0.7706666666666667,0.3988888888888889
-0.5400000000001164,0.8717777777777778,0.8573547589616811,0.966016713091922,0.7706666666666667,0.3988888888888889
-0.5200000000001168,0.8717777777777778,0.8573547589616811,0.966016713091922,0.7706666666666667,0.3988888888888889
-0.5000000000001172,0.8717777777777778,0.8573547589616811,0.966016713091922,0.7706666666666667,0.3988888888888889
-0.48000000000011767,0.8734444444444445,0.8596772206480227,0.9646115565385679,0.7753333333333333,0.4018888888888889
-0.4600000000001181,0.8734444444444445,0.8596772206480227,0.9646115565385679,0.7753333333333333,0.4018888888888889
-0.4400000000001185,0.8734444444444445,0.8596772206480227,0.9646115565385679,0.7753333333333333,0.4018888888888889
-0.42000000000011894,0.8734444444444445,0.8596772206480227,0.9646115565385679,0.7753333333333333,0.4018888888888889
-0.40000000000011937,0.8734444444444445,0.8596772206480227,0.9646115565385679,0.7753333333333333,0.4018888888888889
-0.3800000000001198,0.8734444444444445,0.8596772206480227,0.9646115565385679,0.7753333333333333,0.4018888888888889
-0.3600000000001202,0.8757777777777778,0.8626198083067093,0.9648158328752061,0.78,0.4042222222222222
-0.34000000000012065,0.8757777777777778,0.8626198083067093,0.9648158328752061,0.78,0.4042222222222222
-0.3200000000001211,0.8757777777777778,0.8626198083067093,0.9648158328752061,0.78,0.4042222222222222
-0.3000000000001215,0.8757777777777778,0.8626198083067093,0.9648158328752061,0.78,0.4042222222222222
-0.28000000000012193,0.8757777777777778,0.8626198083067093,0.9648158328752061,0.78,0.4042222222222222
-0.26000000000012236,0.8757777777777778,0.8626198083067093,0.9648158328752061,0.78,0.4042222222222222
-0.24000000000012278,0.8767777777777778,0.8641763625229639,0.9626193724420191,0.784,0.4072222222222222
-0.2200000000001232,0.8767777777777778,0.8641763625229639,0.9626193724420191,0.784,0.4072222222222222
-0.20000000000012363,0.8767777777777778,0.8641763625229639,0.9626193724420191,0.784,0.4072222222222222
-0.18000000000012406,0.8767777777777778,0.8641763625229639,0.9626193724420191,0.784,0.4072222222222222
-0.1600000000001245,0.8767777777777778,0.8641763625229639,0.9626193724420191,0.784,0.4072222222222222
-0.1400000000001249,0.8767777777777778,0.8641763625229639,0.9626193724420191,0.784,0.4072222222222222
-0.12000000000012534,0.879,0.8670816550714024,0.9618196588139724,0.7893333333333333,0.4103333333333333
-0.10000000000012577,0.879,0.8670816550714024,0.9618196588139724,0.7893333333333333,0.4103333333333333
-0.08000000000012619,0.879,0.8670816550714024,0.9618196588139724,0.7893333333333333,0.4103333333333333
-0.06000000000012662,0.879,0.8670816550714024,0.9618196588139724,0.7893333333333333,0.4103333333333333
-0.040000000000127045,0.879,0.8670816550714024,0.9618196588139724,0.7893333333333333,0.4103333333333333
-0.02000000000012747,0.879,0.8670816550714024,0.9618196588139724,0.7893333333333333,0.4103333333333333
-1.2789769243681803e-13,0.879,0.8670816550714024,0.9618196588139724,0.7893333333333333,0.4103333333333333
0.019999999999871676,0.8815555555555555,0.8702847408128498,0.9618074233458849,0.7946666666666666,0.4131111111111111
0.03999999999987125,0.8815555555555555,0.8702847408128498,0.9618074233458849,0.7946666666666666,0.4131111111111111
0.05999999999987082,0.8815555555555555,0.8702847408128498,0.9618074233458849,0.7946666666666666,0.4131111111111111
0.0799999999998704,0.8815555555555555,0.8702847408128498,0.9618074233458849,0.7946666666666666,0.4131111111111111
0.09999999999986997,0.8815555555555555,0.8702847408128498,0.9618074233458849,0.7946666666666666,0.4131111111111111
0.11999999999986954,0.8815555555555555,0.8702847408128498,0.9618074233458849,0.7946666666666666,0.4131111111111111
0.13999999999986912,0.8841111111111111,0.8735604315674628,0.9610562816751134,0.8006666666666666,0.41655555555555557
0.1599999999998687,0.8841111111111111,0.8735604315674628,0.9610562816751134,0.8006666666666666,0.41655555555555557
0.17999999999986827,0.8841111111111111,0.8735604315674628,0.9610562816751134,0.8006666666666666,0.41655555555555557
0.19999999999986784,0.8841111111111111,0.8735604315674628,0.9610562816751134,0.8006666666666666,0.41655555555555557
0.2199999999998674,0.8841111111111111,0.8735604315674628,0.9610562816751134,0.8006666666666666,0.41655555555555557
0.239999999999867,0.8841111111111111,0.8735604315674628,0.9610562816751134,0.8006666666666666,0.41655555555555557
0.25999999999986656,0.8868888888888888,0.8773789448325704,0.9579168858495528,0.8093333333333333,0.42244444444444446
0.27999999999986613,0.8868888888888888,0.8773789448325704,0.9579168858495528,0.8093333333333333,0.42244444444444446
0.2999999999998657,0.8868888888888888,0.8773789448325704,0.9579168858495528,0.8093333333333333,0.42244444444444446
0.3199999999998653,0.8868888888888888,0.8773789448325704,0.9579168858495528,0.8093333333333333,0.42244444444444446
0.33999999999986485,0.8868888888888888,0.8773789448325704,0.9579168858495528,0.8093333333333333,0.42244444444444446
0.35999999999986443,0.8868888888888888,0.8773789448325704,0.9579168858495528,0.8093333333333333,0.42244444444444446
0.379999999999864,0.8874444444444445,0.8783475441335414,0.9555787823360334,0.8126666666666666,0.4252222222222222
0.3999999999998636,0.8874444444444445,0.8783475441335414,0.9555787823360334,0.8126666666666666,0.4252222222222222
0.41999999999986315,0.8874444444444445,0.8783475441335414,0.9555787823360334,0.8126666666666666,0.4252222222222222
0.4399999999998627,0.8874444444444445,0.8783475441335414,0.9555787823360334,0.8126666666666666,0.4252222222222222
0.4599999999998623,0.8874444444444445,0.8783475441335414,0.9555787823360334,0.8126666666666666,0.4252222222222222
0.47999999999986187,0.8874444444444445,0.8783475441335414,0.9555787823360334,0.8126666666666666,0.4252222222222222
0.49999999999986144,0.8874444444444445,0.8783475441335414,0.9555787823360334,0.8126666666666666,0.4252222222222222
0.519999999999861,0.8888888888888888,0.8804971319311664,0.9524301964839711,0.8186666666666667,0.42977777777777776
0.5399999999998606,0.8888888888888888,0.8804971319311664,0.9524301964839711,0.8186666666666667,0.42977777777777776
0.5599999999998602,0.8888888888888888,0.8804971319311664,0.9524301964839711,0.8186666666666667,0.42977777777777776
0.5799999999998597,0.8888888888888888,0.8804971319311664,0.9524301964839711,0.8186666666666667,0.42977777777777776
0.5999999999998593,0.8888888888888888,0.8804971319311664,0.9524301964839711,0.8186666666666667,0.42977777777777776
0.6199999999998589,0.8888888888888888,0.8804971319311664,0.9524301964839711,0.8186666666666667,0.42977777777777776
0.6399999999998585,0.8896666666666667,0.8815742397137746,0.9513513513513514,0.8213333333333334,0.43166666666666664
0.659999999999858,0.8896666666666667,0.8815742397137746,0.9513513513513514,0.8213333333333334,0.43166666666666664
0.6799999999998576,0.8896666666666667,0.8815742397137746,0.9513513513513514,0.8213333333333334,0.43166666666666664
0.6999999999998572,0.8896666666666667,0.8815742397137746,0.9513513513513514,0.8213333333333334,0.43166666666666664
0.7199999999998568,0.8896666666666667,0.8815742397137746,0.9513513513513514,0.8213333333333334,0.43166666666666664
0.7399999999998563,0.8896666666666667,0.8815742397137746,0.9513513513513514,0.8213333333333334,0.43166666666666664
0.7599999999998559,0.8908888888888888,0.883400617430539,0.9484956654767975,0.8266666666666667,0.43577777777777776
0.7799999999998555,0.8908888888888888,0.883400617430539,0.9484956654767975,0.8266666666666667,0.43577777777777776
0.799999999999855,0.8908888888888888,0.883400617430539,0.9484956654767975,0.8266666666666667,0.43577777777777776
0.8199999999998546,0.8908888888888888,0.883400617430539,0.9484956654767975,0.8266666666666667,0.43577777777777776
0.8399999999998542,0.8908888888888888,0.883400617430539,0.9484956654767975,0.8266666666666667,0.43577777777777776
0.8599999999998538,0.8908888888888888,0.883400617430539,0.9484956654767975,0.8266666666666667,0.43577777777777776
0.8799999999998533,0.8907777777777778,0.883627323310051,0.9455282493032683,0.8293333333333334,0.43855555555555553
0.8999999999998529,0.8907777777777778,0.883627323310051,0.9455282493032683,0.8293333333333334,0.43855555555555553
0.9199999999998525,0.8907777777777778,0.883627323310051,0.9455282493032683,0.8293333333333334,0.43855555555555553
0.9399999999998521,0.8907777777777778,0.883627323310051,0.9455282493032683,0.8293333333333334,0.43855555555555553
0.9599999999998516,0.8907777777777778,0.883627323310051,0.9455282493032683,0.8293333333333334,0.43855555555555553
0.9799999999998512,0.8907777777777778,0.883627323310051,0.9455282493032683,0.8293333333333334,0.43855555555555553
0.9999999999998508,0.8907777777777778,0.883627323310051,0.9455282493032683,0.8293333333333334,0.43855555555555553
1.0199999999998504,0.8907777777777778,0.8841211835435577,0.941501380868692,0.8333333333333334,0.44255555555555554
1.03999999999985,0.8907777777777778,0.8841211835435577,0.941501380868692,0.8333333333333334,0.44255555555555554
1.0599999999998495,0.8907777777777778,0.8841211835435577,0.941501380868692,0.8333333333333334,0.44255555555555554
1.079999999999849,0.8907777777777778,0.8841211835435577,0.941501380868692,0.8333333333333334,0.44255555555555554
1.0999999999998487,0.8907777777777778,0.8841211835435577,0.941501380868692,0.8333333333333334,0.44255555555555554
1.1199999999998482,0.8907777777777778,0.8841211835435577,0.941501380868692,0.8333333333333334,0.44255555555555554
1.1399999999998478,0.8921111111111111,0.8858587045962149,0.9403543798352882,0.8373333333333334,0.44522222222222224
1.1599999999998474,0.8921111111111111,0.8858587045962149,0.9403543798352882,0.8373333333333334,0.44522222222222224
1.179999999999847,0.8921111111111111,0.8858587045962149,0.9403543798352882,0.8373333333333334,0.44522222222222224
1.1999999999998465,0.8921111111111111,0.8858587045962149,0.9403543798352882,0.8373333333333334,0.44522222222222224
1.219999999999846,0.8921111111111111,0.8858587045962149,0.9403543798352882,0.8373333333333334,0.44522222222222224
1.2399999999998457,0.8921111111111111,0.8858587045962149,0.9403543798352882,0.8373333333333334,0.44522222222222224
1.2599999999998452,0.8922222222222222,0.8862036602534022,0.9386182902584493,0.8393333333333334,0.4471111111111111
1.2799999999998448,0.8922222222222222,0.8862036602534022,0.9386182902584493,0.8393333333333334,0.4471111111111111
1.2999999999998444,0.8922222222222222,0.8862036602534022,0.9386182902584493,0.8393333333333334,0.4471111111111111
1.319999999999844,0.8922222222222222,0.8862036602534022,0.9386182902584493,0.8393333333333334,0.4471111111111111
1.3399999999998435,0.8922222222222222,0.8862036602534022,0.9386182902584493,0.8393333333333334,0.4471111111111111
1.3599999999998431,0.8922222222222222,0.8862036602534022,0.9386182902584493,0.8393333333333334,0.4471111111111111
1.3799999999998427,0.8937777777777778,0.8885261194029851,0.9347399411187438,0.8466666666666667,0.4528888888888889
1.3999999999998423,0.8937777777777778,0.8885261194029851,0.9347399411187438,0.8466666666666667,0.4528888888888889
1.4199999999998418,0.8937777777777778,0.8885261194029851,0.9347399411187438,0.8466666666666667,0.4528888888888889
1.4399999999998414,0.8937777777777778,0.8885261194029851,0.9347399411187438,0.8466666666666667,0.4528888888888889
1.459999999999841,0.8937777777777778,0.8885261194029851,0.9347399411187438,0.8466666666666667,0.4528888888888889
1.4799999999998406,0.8937777777777778,0.8885261194029851,0.9347399411187438,0.8466666666666667,0.4528888888888889
1.4999999999998401,0.8937777777777778,0.8885261194029851,0.9347399411187438,0.8466666666666667,0.4528888888888889
1.5199999999998397,0.895,0.890282131661442,0.9321663019693655,0.852,0.457
1.5399999999998393,0.895,0.890282131661442,0.9321663019693655,0.852,0.457
1.5599999999998388,0.895,0.890282131661442,0.9321663019693655,0.852,0.457
1.5799999999998384,0.895,0.890282131661442,0.9321663019693655,0.852,0.457
1.599999999999838,0.895,0.890282131661442,0.9321663019693655,0.852,0.457
1.6199999999998376,0.895,0.890282131661442,0.9321663019693655,0.852,0.457
1.6399999999998371,0.8977777777777778,0.8936170212765958,0.9315332690453231,0.8586666666666667,0.4608888888888889
1.6599999999998367,0.8977777777777778,0.8936170212765958,0.9315332690453231,0.8586666666666667,0.4608888888888889
1.6799999999998363,0.8977777777777778,0.8936170212765958,0.9315332690453231,0.8586666666666667,0.4608888888888889
1.6999999999998359,0.8977777777777778,0.8936170212765958,0.9315332690453231,0.8586666666666667,0.4608888888888889
1.7199999999998354,0.8977777777777778,0.8936170212765958,0.9315332690453231,0.8586666666666667,0.4608888888888889
1.739999999999835,0.8977777777777778,0.8936170212765958,0.9315332690453231,0.8586666666666667,0.4608888888888889
1.7599999999998346,0.8981111111111111,0.89422078671127,0.9297193571599904,0.8613333333333333,0.4632222222222222
1.7799999999998342,0.8981111111111111,0.89422078671127,0.9297193571599904,0.8613333333333333,0.4632222222222222
1.7999999999998337,0.8981111111111111,0.89422078671127,0.9297193571599904,0.8613333333333333,0.4632222222222222
1.8199999999998333,0.8981111111111111,0.89422078671127,0.9297193571599904,0.8613333333333333,0.4632222222222222
1.8399999999998329,0.8981111111111111,0.89422078671127,0.9297193571599904,0.8613333333333333,0.4632222222222222
1.8599999999998325,0.8981111111111111,0.89422078671127,0.9297193571599904,0.8613333333333333,0.4632222222222222
1.879999999999832,0.8997777777777778,0.8963456676626064,0.9281294621608758,0.8666666666666667,0.4668888888888889
1.8999999999998316,0.8997777777777778,0.8963456676626064,0.9281294621608758,0.8666666666666667,0.4668888888888889
1.9199999999998312,0.8997777777777778,0.8963456676626064,0.9281294621608758,0.8666666666666667,0.4668888888888889
1.9399999999998307,0.8997777777777778,0.8963456676626064,0.9281294621608758,0.8666666666666667,0.4668888888888889
1.9599999999998303,0.8997777777777778,0.8963456676626064,0.9281294621608758,0.8666666666666667,0.4668888888888889
1.97999999999983,0.8997777777777778,0.8963456676626064,0.9281294621608758,0.8666666666666667,0.4668888888888889
1.9999999999998295,0.8997777777777778,0.8963456676626064,0.9281294621608758,0.8666666666666667,0.4668888888888889
2.019999999999829,0.9001111111111111,0.8971513556801282,0.9245460976184862,0.8713333333333333,0.4712222222222222
2.0399999999998286,0.9001111111111111,0.8971513556801282,0.9245460976184862,0.8713333333333333,0.4712222222222222
2.059999999999828,0.9001111111111111,0.8971513556801282,0.9245460976184862,0.8713333333333333,0.4712222222222222
2.0799999999998278,0.9001111111111111,0.8971513556801282,0.9245460976184862,0.8713333333333333,0.4712222222222222
2.0999999999998273,0.9001111111111111,0.8971513556801282,0.9245460976184862,0.8713333333333333,0.4712222222222222
2.119999999999827,0.9001111111111111,0.8971513556801282,0.9245460976184862,0.8713333333333333,0.4712222222222222
2.1399999999998265,0.8998888888888888,0.8972985295793914,0.9211326936578517,0.8746666666666667,0.4747777777777778
2.159999999999826,0.8998888888888888,0.8972985295793914,0.9211326936578517,0.8746666666666667,0.4747777777777778
2.1799999999998256,0.8998888888888888,0.8972985295793914,0.9211326936578517,0.8746666666666667,0.4747777777777778
2.199999999999825,0.8998888888888888,0.8972985295793914,0.9211326936578517,0.8746666666666667,0.4747777777777778
2.219999999999825,0.8998888888888888,0.8972985295793914,0.9211326936578517,0.8746666666666667,0.4747777777777778
2.2399999999998244,0.8998888888888888,0.8972985295793914,0.9211326936578517,0.8746666666666667,0.4747777777777778
2.259999999999824,0.8992222222222223,0.8969669430875837,0.917499419009993,0.8773333333333333,0.4781111111111111
2.2799999999998235,0.8992222222222223,0.8969669430875837,0.917499419009993,0.8773333333333333,0.4781111111111111
2.299999999999823,0.8992222222222223,0.8969669430875837,0.917499419009993,0.8773333333333333,0.4781111111111111
2.3199999999998226,0.8992222222222223,0.8969669430875837,0.917499419009993,0.8773333333333333,0.4781111111111111
2.3399999999998222,0.8992222222222223,0.8969669430875837,0.917499419009993,0.8773333333333333,0.4781111111111111
2.359999999999822,0.8992222222222223,0.8969669430875837,0.917499419009993,0.8773333333333333,0.4781111111111111
2.3799999999998214,0.9002222222222223,0.898508137432188,0.9142134314627415,0.8833333333333333,0.4831111111111111
2.399999999999821,0.9002222222222223,0.898508137432188,0.9142134314627415,0.8833333333333333,0.4831111111111111
2.4199999999998205,0.9002222222222223,0.898508137432188,0.9142134314627415,0.8833333333333333,0.4831111111111111
2.43999999999982,0.9002222222222223,0.898508137432188,0.9142134314627415,0.8833333333333333,0.4831111111111111
2.4599999999998197,0.9002222222222223,0.898508137432188,0.9142134314627415,0.8833333333333333,0.4831111111111111
2.4799999999998192,0.9002222222222223,0.898508137432188,0.9142134314627415,0.8833333333333333,0.4831111111111111
2.499999999999819,0.9002222222222223,0.898508137432188,0.9142134314627415,0.8833333333333333,0.4831111111111111
2.5199999999998184,0.8995555555555556,0.8982440342188204,0.9101277372262774,0.8866666666666667,0.4871111111111111
2.539999999999818,0.8995555555555556,0.8982440342188204,0.9101277372262774,0.8866666666666667,0.4871111111111111
2.5599999999998175,0.8995555555555556,0.8982440342188204,0.9101277372262774,0.8866666666666667,0.4871111111111111
2.579999999999817,0.8995555555555556,0.8982440342188204,0.9101277372262774,0.8866666666666667,0.4871111111111111
2.5999999999998167,0.8995555555555556,0.8982440342188204,0.9101277372262774,0.8866666666666667,0.4871111111111111
2.6199999999998163,0.8995555555555556,0.8982440342188204,0.9101277372262774,0.8866666666666667,0.4871111111111111
2.639999999999816,0.8984444444444445,0.8974416517055656,0.9063916591115141,0.8886666666666667,0.4902222222222222
2.6599999999998154,0.8984444444444445,0.8974416517055656,0.9063916591115141,0.8886666666666667,0.4902222222222222
2.679999999999815,0.8984444444444445,0.8974416517055656,0.9063916591115141,0.8886666666666667,0.4902222222222222
2.6999999999998145,0.8984444444444445,0.8974416517055656,0.9063916591115141,0.8886666666666667,0.4902222222222222
2.719999999999814,0.8984444444444445,0.8974416517055656,0.9063916591115141,0.8886666666666667,0.4902222222222222
2.7399999999998137,0.8984444444444445,0.8974416517055656,0.9063916591115141,0.8886666666666667,0.4902222222222222
2.7599999999998133,0.8957777777777778,0.8953125,0.8993273542600897,0.8913333333333333,0.4955555555555556
2.779999999999813,0.8957777777777778,0.8953125,0.8993273542600897,0.8913333333333333,0.4955555555555556
2.7999999999998124,0.8957777777777778,0.8953125,0.8993273542600897,0.8913333333333333,0.4955555555555556
2.819999999999812,0.8957777777777778,0.8953125,0.8993273542600897,0.8913333333333333,0.4955555555555556
2.8399999999998116,0.8957777777777778,0.8953125,0.8993273542600897,0.8913333333333333,0.4955555555555556
2.859999999999811,0.8957777777777778,0.8953125,0.8993273542600897,0.8913333333333333,0.4955555555555556
2.8799999999998107,0.8953333333333333,0.895542248835662,0.8937583001328021,0.8973333333333333,0.502
2.8999999999998103,0.8953333333333333,0.895542248835662,0.8937583001328021,0.8973333333333333,0.502
2.91999999999981,0.8953333333333333,0.895542248835662,0.8937583001328021,0.8973333333333333,0.502
2.9399999999998094,0.8953333333333333,0.895542248835662,0.8937583001328021,0.8973333333333333,0.502
2.959999999999809,0.8953333333333333,0.895542248835662,0.8937583001328021,0.8973333333333333,0.502
2.9799999999998086,0.8953333333333333,0.895542248835662,0.8937583001328021,0.8973333333333333,0.502
2.999999999999808,0.8953333333333333,0.895542248835662,0.8937583001328021,0.8973333333333333,0.502
3.0199999999998077,0.8937777777777778,0.8942945599292348,0.8899647887323944,0.8986666666666666,0.5048888888888889
3.0399999999998073,0.8937777777777778,0.8942945599292348,0.8899647887323944,0.8986666666666666,0.5048888888888889
3.059999999999807,0.8937777777777778,0.8942945599292348,0.8899647887323944,0.8986666666666666,0.5048888888888889
3.0799999999998064,0.8937777777777778,0.8942945599292348,0.8899647887323944,0.8986666666666666,0.5048888888888889
3.099999999999806,0.8937777777777778,0.8942945599292348,0.8899647887323944,0.8986666666666666,0.5048888888888889
3.1199999999998056,0.8937777777777778,0.8942945599292348,0.8899647887323944,0.8986666666666666,0.5048888888888889
3.139999999999805,0.8947777777777778,0.8958768554150631,0.8866158868335147,0.9053333333333333,0.5105555555555555
3.1599999999998047,0.8947777777777778,0.8958768554150631,0.8866158868335147,0.9053333333333333,0.5105555555555555
3.1799999999998043,0.8947777777777778,0.8958768554150631,0.8866158868335147,0.9053333333333333,0.5105555555555555
3.199999999999804,0.8947777777777778,0.8958768554150631,0.8866158868335147,0.9053333333333333,0.5105555555555555
3.2199999999998035,0.8947777777777778,0.8958768554150631,0.8866158868335147,0.9053333333333333,0.5105555555555555
3.239999999999803,0.8947777777777778,0.8958768554150631,0.8866158868335147,0.9053333333333333,0.5105555555555555
3.2599999999998026,0.8945555555555555,0.8962954868320402,0.8817458611051386,0.9113333333333333,0.5167777777777778
3.279999999999802,0.8945555555555555,0.8962954868320402,0.8817458611051386,0.9113333333333333,0.5167777777777778
3.2999999999998018,0.8945555555555555,0.8962954868320402,0.8817458611051386,0.9113333333333333,0.5167777777777778
3.3199999999998013,0.8945555555555555,0.8962954868320402,0.8817458611051386,0.9113333333333333,0.5167777777777778
3.339999999999801,0.8945555555555555,0.8962954868320402,0.8817458611051386,0.9113333333333333,0.5167777777777778
3.3599999999998005,0.8945555555555555,0.8962954868320402,0.8817458611051386,0.9113333333333333,0.5167777777777778
3.3799999999998,0.894,0.8962818003913895,0.8773946360153256,0.916,0.522
3.3999999999997996,0.894,0.8962818003913895,0.8773946360153256,0.916,0.522
3.419999999999799,0.894,0.8962818003913895,0.8773946360153256,0.916,0.522
3.4399999999997988,0.894,0.8962818003913895,0.8773946360153256,0.916,0.522
3.4599999999997983,0.894,0.8962818003913895,0.8773946360153256,0.916,0.522
3.479999999999798,0.894,0.8962818003913895,0.8773946360153256,0.916,0.522
3.4999999999997975,0.894,0.8962818003913895,0.8773946360153256,0.916,0.522
3.519999999999797,0.8927777777777778,0.8954835914653958,0.8734417916754701,0.9186666666666666,0.5258888888888889
3.5399999999997966,0.8927777777777778,0.8954835914653958,0.8734417916754701,0.9186666666666666,0.5258888888888889
3.559999999999796,0.8927777777777778,0.8954835914653958,0.8734417916754701,0.9186666666666666,0.5258888888888889
3.579999999999796,0.8927777777777778,0.8954835914653958,0.8734417916754701,0.9186666666666666,0.5258888888888889
3.5999999999997954,0.8927777777777778,0.8954835914653958,0.8734417916754701,0.9186666666666666,0.5258888888888889
3.619999999999795,0.8927777777777778,0.8954835914653958,0.8734417916754701,0.9186666666666666,0.5258888888888889
3.6399999999997945,0.8907777777777778,0.8940161725067386,0.8682722513089005,0.9213333333333333,0.5305555555555556
3.659999999999794,0.8907777777777778,0.8940161725067386,0.8682722513089005,0.9213333333333333,0.5305555555555556
3.6799999999997937,0.8907777777777778,0.8940161725067386,0.8682722513089005,0.9213333333333333,0.5305555555555556
3.6999999999997932,0.8907777777777778,0.8940161725067386,0.8682722513089005,0.9213333333333333,0.5305555555555556
3.719999999999793,0.8907777777777778,0.8940161725067386,0.8682722513089005,0.9213333333333333,0.5305555555555556
3.7399999999997924,0.8907777777777778,0.8940161725067386,0.8682722513089005,0.9213333333333333,0.5305555555555556
3.759999999999792,0.8893333333333333,0.8931101094655506,0.8636363636363636,0.9246666666666666,0.5353333333333333
3.7799999999997915,0.8893333333333333,0.8931101094655506,0.8636363636363636,0.9246666666666666,0.5353333333333333
3.799999999999791,0.8893333333333333,0.8931101094655506,0.8636363636363636,0.9246666666666666,0.5353333333333333
3.8199999999997907,0.8893333333333333,0.8931101094655506,0.8636363636363636,0.9246666666666666,0.5353333333333333
3.8399999999997902,0.8893333333333333,0.8931101094655506,0.8636363636363636,0.9246666666666666,0.5353333333333333
3.85999999999979,0.8893333333333333,0.8931101094655506,0.8636363636363636,0.9246666666666666,0.5353333333333333
3.8799999999997894,0.8897777777777778,0.8940397350993379,0.8607568901686549,0.93,0.5402222222222223
3.899999999999789,0.8897777777777778,0.8940397350993379,0.8607568901686549,0.93,0.5402222222222223
3.9199999999997885,0.8897777777777778,0.8940397350993379,0.8607568901686549,0.93,0.5402222222222223
3.939999999999788,0.8897777777777778,0.8940397350993379,0.8607568901686549,0.93,0.5402222222222223
3.9599999999997877,0.8897777777777778,0.8940397350993379,0.8607568901686549,0.93,0.5402222222222223
3.9799999999997873,0.8897777777777778,0.8940397350993379,0.8607568901686549,0.93,0.5402222222222223
3.999999999999787,0.8897777777777778,0.8940397350993379,0.8607568901686549,0.93,0.5402222222222223
4.019999999999786,0.8872222222222222,0.892124561589967,0.8549602770421675,0.9326666666666666,0.5454444444444444
4.039999999999786,0.8872222222222222,0.892124561589967,0.8549602770421675,0.9326666666666666,0.5454444444444444
4.059999999999786,0.8872222222222222,0.892124561589967,0.8549602770421675,0.9326666666666666,0.5454444444444444
4.079999999999785,0.8872222222222222,0.892124561589967,0.8549602770421675,0.9326666666666666,0.5454444444444444
4.099999999999785,0.8872222222222222,0.892124561589967,0.8549602770421675,0.9326666666666666,0.5454444444444444
4.119999999999784,0.8872222222222222,0.892124561589967,0.8549602770421675,0.9326666666666666,0.5454444444444444
4.139999999999784,0.8852222222222222,0.8909071707677686,0.8488629502918092,0.9373333333333334,0.5521111111111111
4.159999999999783,0.8852222222222222,0.8909071707677686,0.8488629502918092,0.9373333333333334,0.5521111111111111
4.179999999999783,0.8852222222222222,0.8909071707677686,0.8488629502918092,0.9373333333333334,0.5521111111111111
4.199999999999783,0.8852222222222222,0.8909071707677686,0.8488629502918092,0.9373333333333334,0.5521111111111111
4.219999999999782,0.8852222222222222,0.8909071707677686,0.8488629502918092,0.9373333333333334,0.5521111111111111
4.239999999999782,0.8852222222222222,0.8909071707677686,0.8488629502918092,0.9373333333333334,0.5521111111111111
4.259999999999781,0.8817777777777778,0.8883525708289612,0.8415506958250497,0.9406666666666667,0.5588888888888889
4.279999999999781,0.8817777777777778,0.8883525708289612,0.8415506958250497,0.9406666666666667,0.5588888888888889
4.29999999999978,0.8817777777777778,0.8883525708289612,0.8415506958250497,0.9406666666666667,0.5588888888888889
4.31999999999978,0.8817777777777778,0.8883525708289612,0.8415506958250497,0.9406666666666667,0.5588888888888889
4.33999999999978,0.8817777777777778,0.8883525708289612,0.8415506958250497,0.9406666666666667,0.5588888888888889
4.359999999999779,0.8817777777777778,0.8883525708289612,0.8415506958250497,0.9406666666666667,0.5588888888888889
4.379999999999779,0.8785555555555555,0.886015225779539,0.8347415995283946,0.944,0.5654444444444444
4.399999999999778,0.8785555555555555,0.886015225779539,0.8347415995283946,0.944,0.5654444444444444
4.419999999999778,0.8785555555555555,0.886015225779539,0.8347415995283946,0.944,0.5654444444444444
4.4399999999997775,0.8785555555555555,0.886015225779539,0.8347415995283946,0.944,0.5654444444444444
4.459999999999777,0.8785555555555555,0.886015225779539,0.8347415995283946,0.944,0.5654444444444444
4.479999999999777,0.8785555555555555,0.886015225779539,0.8347415995283946,0.944,0.5654444444444444
4.499999999999776,0.8785555555555555,0.886015225779539,0.8347415995283946,0.944,0.5654444444444444
4.519999999999776,0.8746666666666667,0.8829389788293898,0.8282710280373832,0.9453333333333334,0.5706666666666667
4.539999999999775,0.8746666666666667,0.8829389788293898,0.8282710280373832,0.9453333333333334,0.5706666666666667
4.559999999999775,0.8746666666666667,0.8829389788293898,0.8282710280373832,0.9453333333333334,0.5706666666666667
4.5799999999997745,0.8746666666666667,0.8829389788293898,0.8282710280373832,0.9453333333333334,0.5706666666666667
4.599999999999774,0.8746666666666667,0.8829389788293898,0.8282710280373832,0.9453333333333334,0.5706666666666667
4.619999999999774,0.8746666666666667,0.8829389788293898,0.8282710280373832,0.9453333333333334,0.5706666666666667
4.639999999999773,0.8707777777777778,0.8801154520152561,0.8208036915977697,0.9486666666666667,0.5778888888888889
4.659999999999773,0.8707777777777778,0.8801154520152561,0.8208036915977697,0.9486666666666667,0.5778888888888889
4.679999999999772,0.8707777777777778,0.8801154520152561,0.8208036915977697,0.9486666666666667,0.5778888888888889
4.699999999999772,0.8707777777777778,0.8801154520152561,0.8208036915977697,0.9486666666666667,0.5778888888888889
4.7199999999997715,0.8707777777777778,0.8801154520152561,0.8208036915977697,0.9486666666666667,0.5778888888888889
4.739999999999771,0.8707777777777778,0.8801154520152561,0.8208036915977697,0.9486666666666667,0.5778888888888889
4.759999999999771,0.868,0.8780036968576709,0.8161512027491409,0.95,0.582
4.77999999999977,0.868,0.8780036968576709,0.8161512027491409,0.95,0.582
4.79999999999977,0.868,0.8780036968576709,0.8161512027491409,0.95,0.582
4.819999999999769,0.868,0.8780036968576709,0.8161512027491409,0.95,0.582
4.839999999999769,0.868,0.8780036968576709,0.8161512027491409,0.95,0.582
4.8599999999997685,0.868,0.8780036968576709,0.8161512027491409,0.95,0.582
4.879999999999768,0.8624444444444445,0.8737507648378543,0.8073878627968337,0.952,0.5895555555555556
4.899999999999768,0.8624444444444445,0.8737507648378543,0.8073878627968337,0.952,0.5895555555555556
4.919999999999767,0.8624444444444445,0.8737507648378543,0.8073878627968337,0.952,0.5895555555555556
4.939999999999767,0.8624444444444445,0.8737507648378543,0.8073878627968337,0.952,0.5895555555555556
4.959999999999766,0.8624444444444445,0.8737507648378543,0.8073878627968337,0.952,0.5895555555555556
4.979999999999766,0.8624444444444445,0.8737507648378543,0.8073878627968337,0.952,0.5895555555555556
4.9999999999997655,0.8624444444444445,0.8737507648378543,0.8073878627968337,0.952,0.5895555555555556
5.019999999999765,0.8573333333333333,0.8699088145896655,0.7994413407821229,0.954,0.5966666666666667
5.039999999999765,0.8573333333333333,0.8699088145896655,0.7994413407821229,0.954,0.5966666666666667
5.059999999999764,0.8573333333333333,0.8699088145896655,0.7994413407821229,0.954,0.5966666666666667
5.079999999999764,0.8573333333333333,0.8699088145896655,0.7994413407821229,0.954,0.5966666666666667
5.099999999999763,0.8573333333333333,0.8699088145896655,0.7994413407821229,0.954,0.5966666666666667
5.119999999999763,0.8573333333333333,0.8699088145896655,0.7994413407821229,0.954,0.5966666666666667
5.1399999999997625,0.8558888888888889,0.8693988520793474,0.7948812373411894,0.9593333333333334,0.6034444444444444
5.159999999999762,0.8558888888888889,0.8693988520793474,0.7948812373411894,0.9593333333333334,0.6034444444444444
5.179999999999762,0.8558888888888889,0.8693988520793474,0.7948812373411894,0.9593333333333334,0.6034444444444444
5.199999999999761,0.8558888888888889,0.8693988520793474,0.7948812373411894,0.9593333333333334,0.6034444444444444
5.219999999999761,0.8558888888888889,0.8693988520793474,0.7948812373411894,0.9593333333333334,0.6034444444444444
5.23999999999976,0.8558888888888889,0.8693988520793474,0.7948812373411894,0.9593333333333334,0.6034444444444444
5.25999999999976,0.8524444444444444,0.8667736757624399,0.7900512070226774,0.96,0.6075555555555555
5.2799999999997596,0.8524444444444444,0.8667736757624399,0.7900512070226774,0.96,0.6075555555555555
5.299999999999759,0.8524444444444444,0.8667736757624399,0.7900512070226774,0.96,0.6075555555555555
5.319999999999759,0.8524444444444444,0.8667736757624399,0.7900512070226774,0.96,0.6075555555555555
5.339999999999758,0.8524444444444444,0.8667736757624399,0.7900512070226774,0.96,0.6075555555555555
5.359999999999758,0.8524444444444444,0.8667736757624399,0.7900512070226774,0.96,0.6075555555555555
5.379999999999757,0.8456666666666667,0.8616671646250373,0.7807255008121278,0.9613333333333334,0.6156666666666667
5.399999999999757,0.8456666666666667,0.8616671646250373,0.7807255008121278,0.9613333333333334,0.6156666666666667
5.419999999999757,0.8456666666666667,0.8616671646250373,0.7807255008121278,0.9613333333333334,0.6156666666666667
5.439999999999756,0.8456666666666667,0.8616671646250373,0.7807255008121278,0.9613333333333334,0.6156666666666667
5.459999999999756,0.8456666666666667,0.8616671646250373,0.7807255008121278,0.9613333333333334,0.6156666666666667
5.479999999999755,0.8456666666666667,0.8616671646250373,0.7807255008121278,0.9613333333333334,0.6156666666666667
5.499999999999755,0.8456666666666667,0.8616671646250373,0.7807255008121278,0.9613333333333334,0.6156666666666667
5.519999999999754,0.8385555555555556,0.8562097971301336,0.7718108831400535,0.9613333333333334,0.6227777777777778
5.539999999999754,0.8385555555555556,0.8562097971301336,0.7718108831400535,0.9613333333333334,0.6227777777777778
5.559999999999754,0.8385555555555556,0.8562097971301336,0.7718108831400535,0.9613333333333334,0.6227777777777778
5.579999999999753,0.8385555555555556,0.8562097971301336,0.7718108831400535,0.9613333333333334,0.6227777777777778
5.599999999999753,0.8385555555555556,0.8562097971301336,0.7718108831400535,0.9613333333333334,0.6227777777777778
5.619999999999752,0.8385555555555556,0.8562097971301336,0.7718108831400535,0.9613333333333334,0.6227777777777778
5.639999999999752,0.8328888888888889,0.8522593320235756,0.7637323943661972,0.964,0.6311111111111111
5.6599999999997515,0.8328888888888889,0.8522593320235756,0.7637323943661972,0.964,0.6311111111111111
5.679999999999751,0.8328888888888889,0.8522593320235756,0.7637323943661972,0.964,0.6311111111111111
5.699999999999751,0.8328888888888889,0.8522593320235756,0.7637323943661972,0.964,0.6311111111111111
5.71999999999975,0.8328888888888889,0.8522593320235756,0.7637323943661972,0.964,0.6311111111111111
5.73999999999975,0.8328888888888889,0.8522593320235756,0.7637323943661972,0.964,0.6311111111111111
5.759999999999749,0.8276666666666667,0.8486090775988286,0.7566579634464752,0.966,0.6383333333333333
5.779999999999749,0.8276666666666667,0.8486090775988286,0.7566579634464752,0.966,0.6383333333333333
5.7999999999997485,0.8276666666666667,0.8486090775988286,0.7566579634464752,0.966,0.6383333333333333
5.819999999999748,0.8276666666666667,0.8486090775988286,0.7566579634464752,0.966,0.6383333333333333
5.839999999999748,0.8276666666666667,0.8486090775988286,0.7566579634464752,0.966,0.6383333333333333
5.859999999999747,0.8276666666666667,0.8486090775988286,0.7566579634464752,0.966,0.6383333333333333
5.879999999999747,0.8227777777777778,0.8453408319596626,0.7498709788405299,0.9686666666666667,0.6458888888888888
5.899999999999746,0.8227777777777778,0.8453408319596626,0.7498709788405299,0.9686666666666667,0.6458888888888888
5.919999999999746,0.8227777777777778,0.8453408319596626,0.7498709788405299,0.9686666666666667,0.6458888888888888
5.9399999999997455,0.8227777777777778,0.8453408319596626,0.7498709788405299,0.9686666666666667,0.6458888888888888
5.959999999999745,0.8227777777777778,0.8453408319596626,0.7498709788405299,0.9686666666666667,0.6458888888888888
5.979999999999745,0.8227777777777778,0.8453408319596626,0.7498709788405299,0.9686666666666667,0.6458888888888888
5.999999999999744,0.8227777777777778,0.8453408319596626,0.7498709788405299,0.9686666666666667,0.6458888888888888
