image_id,method,n_steps,generated_text,avg_n_above_apc,avg_expert_entropy,avg_amateur_entropy,avg_cd_prob_shift,avg_logit_diff_top1
724,greedy,143," The image features a stop sign with the word ""STOP"" written upside down. The stop sign is located on a street corner, and there are several vehicles around it. A truck is parked nearby, and a car is ",,1.1999811979541664,,,
724,vcd,116," The image features a red stop sign on a metal pole at an intersection. The stop sign is upside down, making it an unusual sight. The intersection is located near a street with several vehicles, inclu",2.913793103448276,1.320768900578622,1.301058222353462,0.3348281918554872,0.10257273706896551
724,sid,122," The image features a stop sign with the word ""doli"" written on it, located at an intersection in a city. The stop sign is positioned on a metal pole, and it is surrounded by bushes and trees. There a",2.5737704918032787,1.3211220349676807,1.281053672532563,0.39261410237930644,0.21305071721311475
776,greedy,104," The image features a group of teddy bears sitting together on a bed. There are five teddy bears in total, with one large teddy bear occupying the left side of the bed, and four smaller teddy bears su",,1.0242221999700605,,,
776,vcd,97," The image features a group of five teddy bears of various sizes and colors, sitting together on a bed. They are arranged in a semi-circle, with some bears positioned closer to the foreground and othe",2.4948453608247423,1.1587533999783064,1.172079882577426,0.33244531138259065,0.2931701030927835
776,sid,89," The image features a group of five teddy bears sitting together on a bed. They are arranged in a pile, with some of the teddy bears appearing to be cuddling or hugging each other. The teddy bears are",2.50561797752809,1.1874535417334842,1.1381383309840263,0.3520987377852682,-0.021155196629213485
1425,greedy,132," The image features a delicious-looking pastry, possibly a donut or a sandwich, sitting on a white plate. The pastry is placed on a dining table, and it appears to be the main focus of the scene. 

In",,1.1264066677127702,,,
1425,vcd,110," The image features a delicious pastry, possibly a chocolate-filled doughnut, sitting on a white plate. The plate is placed on a wooden dining table. Beside the plate, there is a bowl containing a dip",2.290909090909091,1.0711196418027416,1.108539595959667,0.3226909726311428,0.4921164772727273
1425,sid,116," The image features a dining table with a plate containing a delicious pastry, possibly a chocolate-filled doughnut or a sandwich, sitting on top of it. The plate is placed on a white plate, which is ",2.293103448275862,1.177288432107726,1.1725322784070626,0.36300149590852426,0.18446928879310345
1584,greedy,123," The image features a red double-decker bus driving down a city street, surrounded by tall buildings. The bus is quite large and occupies a significant portion of the scene. There are several people w",,1.0130767331926855,,,
1584,vcd,136," The image features a busy city street with two red double-decker buses driving down the road. One of the buses is a classic red double-decker bus, while the other is a modern double-decker bus. Both ",2.1691176470588234,1.043682468845493,1.0343668755754953,0.29018234706657603,0.06881893382352941
1584,sid,130, The image features a busy city street with a red double-decker bus driving down the road. The bus is quite large and occupies a significant portion of the scene. There are several other vehicles on t,2.0307692307692307,1.0150420926287216,0.9930542210946123,0.3091388736340252,0.033052884615384616
2261,greedy,108," The image captures a young man riding a wave on a surfboard in the ocean. He is skillfully balancing on the surfboard, enjoying the thrill of the wave. The surfer is positioned in the center of the s",,1.227263229351908,,,
2261,vcd,85," The image captures a young man riding a wave on a surfboard in the ocean. He is skillfully balancing on the surfboard, enjoying the thrill of the water. The wave is quite large, and the surfer is pos",2.4,1.155668977683207,1.129098926899955,0.3126661595642655,-0.04797794117647059
2261,sid,80," The image captures a young man riding a wave on a surfboard in the ocean. He is skillfully balancing on the surfboard, enjoying the thrill of the wave. The surfer is wearing a black shirt and appears",2.1375,1.0353145617683426,0.9736983819390941,0.3008800727010218,-0.159765625
2473,greedy,145," The image captures a thrilling moment of a person on skis jumping high into the air, performing a trick. The skier is in the center of the scene, with their skis visible as they soar through the air.",,1.117021579525177,,,
2473,vcd,129," The image captures a thrilling moment of a snowboarder in mid-air, performing a jump off a ramp. The snowboarder is in the center of the scene, showcasing their impressive skills. 

There are several",2.2325581395348837,1.0403473913272883,1.0617336637858044,0.2841828703580127,0.19107315891472867
2473,sid,130," The image captures an exciting moment of a skier performing a jump in the air, with their skis visible as they soar through the air. The skier is in the center of the scene, showcasing their impressi",2.3230769230769233,1.153151095024045,1.1450416941198585,0.321777315251188,0.08275240384615384
4765,greedy,114, The image captures a man skillfully riding a wave on a surfboard in the ocean. He is wearing a yellow shirt and appears to be enjoying the thrill of the ride. The surfer is positioned in the center o,,1.192772240364103,,,
4765,vcd,94," The image captures a man skillfully riding a wave on a surfboard in the ocean. He is wearing a yellow shirt and black pants, and he appears to be enjoying the thrill of the ride. The surfer is positi",2.1808510638297873,1.0893169475381193,1.0682031247266923,0.31097893482457883,0.030917553191489363
4765,sid,92," The image captures a man skillfully riding a wave on a surfboard in the ocean. He is wearing a yellow shirt and black pants, and he appears to be enjoying the thrill of the ride. The surfer is skillf",2.0,0.9514649340962629,0.8961679418245714,0.29219549710846027,-0.05103600543478261
5529,greedy,95," The image captures a person skiing down a snow-covered slope, surrounded by trees. The skier is wearing a blue jacket and is skillfully navigating the snowy terrain. The skis are clearly visible bene",,1.125719708354084,,,
5529,vcd,117," The image captures a man skiing down a snow-covered slope, skillfully navigating through the deep snow. He is wearing a blue jacket and goggles, which protect him from the cold and snowy conditions. ",2.376068376068376,1.1972425116632748,1.1911403353721737,0.3331024264077833,0.06643963675213675
5529,sid,104," The image captures a man skiing down a snow-covered slope, surrounded by trees. He is wearing a helmet and goggles, ensuring his safety and visibility while skiing. The man is skillfully navigating t",2.355769230769231,1.1870738986004632,1.1619830692819,0.34068160302668155,0.014197716346153846
6040,greedy,94," The image features a blue and white train traveling down the tracks, with a red stripe on the side. The train is carrying many passengers, as there are at least 13 people visible on the train, some o",,1.3464523822540715,,,
6040,vcd,122," The image features a blue and white train traveling down the tracks, with a red stripe on the side. The train is carrying many passengers, with at least 13 people visible through the windows. Some of",2.5081967213114753,1.2328022900051692,1.2511866039568469,0.3459248172259692,0.17565317622950818
6040,sid,105," The image features a blue and white train traveling down the tracks, with several people visible inside and around the train. There are at least 12 people in the scene, some of them sitting and other",2.533333333333333,1.3092442559780801,1.2784301783473633,0.36005155742142536,-0.023958333333333335
6763,greedy,127," The image features a man and a woman standing close to each other, posing for a picture. The man is wearing a tie, and the woman is wearing a white shirt. They are both smiling and appear to be enjoy",,1.0167458809278307,,,
6763,vcd,132," The image features a man and a woman standing close to each other, posing for a picture. The man is wearing a tie, and the woman is wearing a white shirt. They are both smiling and appear to be enjoy",2.265151515151515,1.0537186797758924,1.0602232377171208,0.2812991389631007,0.13914535984848486
6763,sid,139," The image features a man and a woman posing together for a picture in a bar setting. The man is wearing a purple shirt and a colorful tie, while the woman is in a white tank top. They are both smilin",2.1654676258992804,1.0351567970361173,1.0397181669070068,0.3069376710898535,0.19514388489208634
