image_id,b1_denial,b2_generic,b3_present,b4_absent,b5_other
724,0.013954251438407337,0.5173297804582475,0.01081631585463424,0.00676767644568115,0.4511319758030297
776,0.0034971475922167495,0.4936679683513553,0.007440950445865093,0.00028760029198717646,0.4951063333185757
1425,0.02455292705791481,0.4317816644765284,0.0021722855400974194,0.006192058789959236,0.5353010641355
1584,0.009898648665988854,0.5004042402947199,0.03625065846037963,0.000479434195963361,0.45296701838294834
2261,0.0018732237553945954,0.4194852431171831,0.009083884410807595,3.336618385636336e-05,0.5695242825327584
2473,0.002388962492194029,0.5107089068591245,0.03464540782126797,0.0,0.4522567228274136
4765,0.0015003532506502983,0.4438755755487028,0.013509085439974042,7.871709405851504e-05,0.5410362686666144
5529,0.00629461942520822,0.502015048664657,0.031621599713114755,0.0002577581496674863,0.4598109740473525
6040,0.005923924971405407,0.4579228803395259,0.083424610958516,0.001342551662731274,0.4513860320678215
6763,0.009276719197714979,0.5388443093832304,0.0701011426584739,0.004521020226473478,0.37725680853410737
7784,0.003912707653046398,0.3962952557936853,0.005964455127332635,0.004235615047867585,0.5895919663780682
7818,0.0004833876241588651,0.45543899320137565,0.032792385973375235,0.0002407138170175655,0.5110445193840727
9448,0.009207878953113851,0.4705649988667356,0.02849299444723068,0.0004581793865624947,0.4912759483463574
12576,0.018114453632071884,0.46965168038655747,0.054841766467393166,0.0072217210491233065,0.4501703784648541
16228,0.016676775966180356,0.45038111365696554,0.0521989661867034,0.0005812212332225524,0.48016192295692806
17379,0.015793268391956723,0.4612417003129718,0.06609642767001724,0.0005449878080961716,0.4563236158169581
19432,0.0041925931109580965,0.48762328566091423,0.02573570508854781,9.775422874937128e-06,0.482438640716705
20333,0.009725529899234836,0.48009243716302175,0.054258423370602986,0.0007839620253062449,0.45513964754183417
20992,0.01042461061329448,0.5011889281339827,0.022739679209880653,0.030190462153116188,0.43545631988972594
21167,0.00734146762379593,0.5388534749177637,0.04774901512868802,0.004726440964617763,0.40132960136513474
22705,0.00903685012846649,0.46874309583389373,0.008671120320658508,0.032967249560795595,0.4805816841561857
23272,0.011040348952856644,0.4963244104304558,0.05751525164152396,0.007117074095891299,0.42800291487927233
25228,0.014244202861772519,0.42075228912249146,0.02018741922105514,0.00020804114552367298,0.5446080476491573
26926,0.0019286923983062125,0.4974878263072819,0.0036454642611836374,0.0052720221822915294,0.4916659948509367
27620,0.017189752248587483,0.5104185548995389,0.04828446774660899,0.03158541350124707,0.3925218116040176
27768,0.011932870645198618,0.5496845866960025,0.051869327888911715,0.00028088535272716863,0.38623232941716
31817,0.019424497784179626,0.4977796424227237,0.02286459388338869,0.00018020050606856302,0.45975106540363947
33221,0.02012308638163736,0.48848382204611646,0.028722991875321797,0.004139912813341778,0.45853018688358255
33759,0.018323595227311893,0.5026412618419497,0.05093111173646837,4.488126766327761e-05,0.42805914992660665
34760,0.010071683058679008,0.44333540447544056,0.024536173507809685,0.0007620812979462106,0.5212946576601246
34873,0.0066352540307672205,0.4331759406665474,0.021047963369142688,0.0034304361896387997,0.5357104057439037
37689,0.0024612199379405713,0.4490342302270997,0.00412422108541915,0.0004332114931184068,0.5439471172564221
39405,0.005403130480644947,0.42710016828052605,0.015457406189221446,2.584854582965205e-05,0.5520134465037779
39769,0.00989617207680992,0.4373224768463028,0.04653742933761666,0.0002963138076679261,0.5059476079316026
39914,0.016740056725086522,0.4870976431960207,0.03528205822976927,0.0008500156906245257,0.46003022615849903
41990,0.0014537429026656207,0.5263355527413583,0.031128861311807393,3.5335578482845616e-05,0.44104650746568586
42178,0.001119569544322249,0.4753491320032776,0.025699101189235542,0.0002862664644586027,0.497545930798706
42889,0.005431768636098071,0.453910531881467,0.03962609903538297,0.05800296846048928,0.4430286319865628
46463,0.007576926973494053,0.4177590270371712,0.017582297771302453,0.003672773612842277,0.55340897460519
47010,0.010480272594637808,0.4784353028883268,2.331586048192894e-05,0.008267987661845656,0.5027931209947077
47121,0.002682132716158813,0.49012633657581955,0.053874890432656364,0.00025321198734908534,0.45306342828801616
50380,0.015070712610820824,0.51662997039022,0.08652731909806706,6.128239296252732e-05,0.3817107155079297
51738,0.00598745401174543,0.4676851663527168,0.03203738118876287,0.00774218548748604,0.48654781295928884
52413,0.013758369278266399,0.4729511866498848,0.06447178848423048,0.015622440322943057,0.43319621526467533
52565,0.015656373903403988,0.5022744676114774,0.0472411073382497,7.97342649739308e-05,0.43474831688189514
53624,0.004792299933083921,0.4306296608774207,0.00894698316097894,0.003089034915487437,0.5525420211130289
54164,0.0007251258927735367,0.45474115246152513,0.009294287487467415,2.699012332479351e-05,0.5352124440349092
54592,0.008020131173745585,0.49679267784992026,0.02413033988159813,1.5011206301420636e-05,0.47104183988843457
54605,0.016634368369744763,0.45319381470795905,0.062066503764006846,0.0027855592228788638,0.4653197539354105
56288,0.00498359440844957,0.4480079632589988,0.01594098342766173,0.020979175167678006,0.5100882837372118
56545,0.004943214463886678,0.4890225736654122,0.04072289714630701,0.00023889651177978755,0.4650724182126144
59386,0.0074410382379849664,0.4955455145253179,0.00010924100366171537,0.011017455882414104,0.48588675035062134
60052,0.012138541437384874,0.42015966696081847,0.02277273327925086,0.00012072545204521735,0.5448083328705006
61418,0.0026164218937089934,0.4906368696926919,0.02948160486768304,0.013551993333246476,0.46371311021266975
62692,0.002140799611539565,0.4753046607970332,0.02358756495358343,0.00010812501937195995,0.4988588496184718
63552,0.008381941487476188,0.5098904952127437,0.028635774771155732,0.00019803664054040396,0.45289375188808406
64359,0.003702176743860498,0.38645970026791404,0.0,0.004835573315196049,0.6050025496730294
64495,0.006567214881230026,0.41411148274018167,0.0,0.009710289707214638,0.5696110126713736
64574,0.0059509928323247824,0.462571149234932,0.0005050060140176278,0.021431666929563838,0.5095411849891619
64868,0.007245449559610283,0.45100796955653655,0.020324969519187913,0.028216449873987914,0.49320516149067734
64898,0.009285633442378226,0.48016966708386055,0.023294291587998804,4.2540767869376485e-05,0.48720786711789316
65455,0.007958257151414648,0.4491571056440229,0.042959644138209165,0.001230746343279387,0.49869424672307383
66523,0.005926469545525535,0.4321800820240982,0.022963435232132116,0.00522001804645916,0.5337099951517851
66561,0.004453681399228365,0.5184317029869442,0.06568143302325709,0.007987198421983619,0.40344598416858685
66771,0.019544295161399616,0.4816388392872655,0.06150728737933657,0.016504399371227652,0.4208051788007707
67534,0.0056661693902678376,0.4968034609421716,0.04889868016944274,0.001659976319233197,0.4469717131788846
67896,0.0043001881561925545,0.5007062903092776,0.035000364810556565,0.0022823454094321564,0.45771081131454117
68387,0.013153589000240438,0.4829374498131831,0.019115381016159366,0.016050516467379584,0.46874306370303753
70739,0.00201264994196481,0.5084846730031656,0.052113800033095965,0.00863952566595121,0.42874935135582243
70774,0.0029459620678018573,0.436935873637796,0.0001644976265681727,0.0004926031634518069,0.5594610635043822
75612,0.00025695110196065433,0.4404588733547701,0.017921845838401833,0.00757866783750624,0.5337836618673613
76731,0.010893638148752629,0.4550701982163766,0.0401901570511533,0.0027688087917956887,0.49107719779192177
77595,0.017021604054021627,0.4546564025177531,0.11268495877909922,0.00038387247250053864,0.41525316217662556
79034,0.014945924327037311,0.4785093422256522,3.667488485519324e-05,0.0003625075603683902,0.5061455510020869
81394,0.014757911256790683,0.46878889206834157,0.023027823041743674,0.007826323909114636,0.48559904972400936
82688,0.005431933614244373,0.5054874824220906,0.05018034723847933,0.00903666314549162,0.429863573579694
83531,0.0009952612358685238,0.4266187805873853,0.00010279625697083188,0.012323011447703132,0.5599601504720723
87144,0.008733486232267362,0.528812285995464,0.061806666480937855,0.004665695156193584,0.39598186613513714
88432,0.017224839677847808,0.47523423874340964,0.016134433322647475,0.0041526777855540285,0.487253810470541
88848,0.009221638714993867,0.4773399307279621,0.051536949877973165,0.0018796041932108577,0.46002187648586
89271,0.011150371069008078,0.4923143256556653,0.055102105191732684,0.007523086132673594,0.4339101119509205
89296,0.009022400090519031,0.4777279401339888,0.03655054778164356,2.5975696093034463e-06,0.4766965144242393
89648,0.012060505362199603,0.5342828288555712,0.029141945426812654,0.001076172618215434,0.4234385477372011
90003,0.0019308233035687887,0.5065077221366955,0.010137317491308357,0.0003638323071943217,0.48106030476123324
92177,0.0021107093771163374,0.4198511481679908,0.0,0.01022412633891402,0.567814016115979
92660,0.010577432138468101,0.47318893622189523,8.040922235133046e-05,0.006670881898761538,0.5094823405185239
93965,0.00827402598972766,0.4499383327713871,0.0,0.009247641824588915,0.5325399994142963
94336,0.015354800766224799,0.5003340141862851,0.061804958508685254,0.004859708369522884,0.41764651816928205
96001,0.003998350992944865,0.4949343978987928,0.03926835071768099,0.017689919871648228,0.44410898051893305
97278,0.0028484466164415394,0.5087269884995986,0.026190125654947955,6.218825224162392e-06,0.4622282204037877
98392,0.005319095166470251,0.503499788937938,0.0530101020725855,0.0006342404643119832,0.43753677335869423
98520,0.006556201906574516,0.4727235612095244,0.050598104559455556,0.012733388784348614,0.45738874354009695
98839,0.007130507384015545,0.4987285163685509,0.05909485110210541,0.029093798085447934,0.4059523270598802
99114,0.019320668684388406,0.44594407003571296,0.015437655286987201,0.0077361905139862455,0.5115614154789252
102411,0.016198905243315825,0.5002286960576319,0.039351200671531604,0.0014334556688674629,0.44278774235865326
102707,0.01625783493282232,0.47331196723041163,0.013728593109230948,0.011727129040825993,0.48497447568670915
103548,0.007563580009008607,0.5184681119133965,0.06414183646116117,0.00041148764340317865,0.40941498397303067
104612,0.012236896071169326,0.3762636825715538,0.0,0.0038910813885106826,0.6076083399687663
104669,0.01253798513149142,0.4512184912248085,0.016248284886833986,0.019327526660131433,0.5006677120967347
105455,0.007389222268553931,0.47999841762535267,0.028091358346353425,0.008875046895918427,0.47564595486382155
106048,0.013460311716473928,0.464305211158064,0.05461304624845367,0.021953524464068213,0.44566790641294024
107554,0.013929119295766365,0.4657458949302846,0.0003515911188734281,0.0331403314002116,0.4868330632548641
107851,0.0012609756332535955,0.4788384703578187,0.018360628399056063,0.00019707611417329576,0.5013428494956983
108253,0.013594285175542934,0.4648666434807608,0.040575093242434954,0.001969140653715996,0.47899483744754534
110784,0.011215977012408949,0.4546235991926916,0.04281286781641838,0.017215101238685113,0.474132454739796
111179,0.002153202637341934,0.5113361218245964,0.03427422645095238,0.0037052291534397375,0.4485312199336697
111207,0.011127950831074294,0.4247667206459841,0.008329201099183836,0.012382815984646975,0.5433933114391107
111951,0.00830918292319168,0.44685411812953535,0.002912267970357423,0.009240437526112186,0.5326839934508034
117374,0.007658839956541042,0.5295624705277262,0.049086211016062205,0.003303785742110819,0.41038869275755985
118209,0.004185655328138678,0.4995216466828683,0.007965174107543722,0.00022058217372283642,0.4881069417077265
121586,0.016839528313984706,0.48482653458378816,0.031028424068691256,0.029454422023664415,0.4378510910098716
121673,0.000768764985919342,0.4100808557442611,0.01407821011015631,9.015427195886415e-05,0.5749820148877044
122927,0.015040376987791633,0.5030000972871768,0.011150583385532868,0.0011285226047813622,0.4696804197347174
124659,0.012149102005742552,0.41548388495938526,0.012212927475458019,0.013043450976082449,0.5471106345833318
124975,0.005556117030759786,0.4765431495891454,0.0,0.0001761727649116682,0.5177245606151832
125405,0.009144900762405294,0.5232496846689402,0.014230442380320747,0.0001236249587383727,0.4532513472295954
127476,0.0014846461646054927,0.4186435255241257,0.019071734521287978,0.0001652239657150648,0.5606348698242658
127494,0.010140062735563756,0.44967824257771816,0.00011567211910185167,0.0012242895361332092,0.538841733031483
128476,0.008549816753646697,0.4501495337026269,0.012412068621659847,0.024500030539377413,0.5043885503826891
128654,0.004112872192397817,0.5268433439907668,0.00840772337329608,6.0482029191523025e-06,0.46063001224062017
130386,0.015318210295872433,0.44365675047211983,0.02194998168988158,0.0016912829523421157,0.517383774589784
133418,0.00414947987863192,0.4626599107762715,0.01632068580727897,9.496837741198505e-06,0.5168604267000766
134322,0.005604981072567778,0.4731379238430194,0.02589545683768669,0.00043237720460166814,0.4949292610421245
134886,0.01707801872419419,0.4448728549828262,0.06419424791436598,0.0007335958055034829,0.4731212825731102
137727,0.006512524603417438,0.43966896839992087,0.04669995499864344,0.0011607890334936499,0.5059577629645247
142324,0.004928063319878189,0.4776895457900057,0.031253188666853796,0.0026884651770136556,0.4834407370462487
142472,0.011408137932976091,0.44053643079299576,0.014373475365216404,0.0002894155789777242,0.5333925403298341
143068,0.006601829100270503,0.44253189621552275,0.01549228979115235,9.311827549077803e-05,0.5352808666175636
144300,0.017780375610260704,0.5145987547939987,0.023989096886320595,0.0035444550256439333,0.440087317683776
147745,0.007649709179512187,0.4246225799299514,0.0,0.011457429861386885,0.5562702810291494
149568,0.01830195900540373,0.5181622421035752,0.04791130955886576,0.0060861324891434854,0.4095383568430118
149770,0.0007034861624318937,0.4874848647635564,0.00881089951596609,9.792563589975867e-05,0.5029028239221459
150649,0.011070041810267725,0.4524065344346329,0.01043262571711769,0.003967482321959359,0.5221233157160222
152465,0.009365672529647361,0.42698496424451804,0.0,0.0024831239232479233,0.5611662393025867
152771,0.021145698029968144,0.43852631484151566,0.0023561791183982056,0.002602572123768554,0.5353692358863494
153217,0.0064755105260417,0.519918430916423,0.02776795100471497,0.009058637157931674,0.43677947039488874
153669,0.004667831403583257,0.5065030432023285,0.021532378102755302,2.307388254153712e-05,0.4672736734087914
154000,0.01599631093965603,0.3938897341152585,0.0,0.005068865778578281,0.5850450891665071
154213,0.00590321414748757,0.5054130317941888,0.026045078460528358,0.00149311266823395,0.4611455629295613
155291,0.002438291694291669,0.4719878646299004,0.01472042061589747,0.006180426755828024,0.5046729963040825
156292,0.0038900617268172195,0.4567752643731532,0.047692468268924336,0.0020309218768391193,0.48961128375426605
156372,0.006807694019855431,0.532780986894708,0.05720935474898349,0.007296016431930216,0.39590594790452294
157138,0.0021863986058984312,0.45736883196261074,0.008665205481232159,0.015068652996423139,0.5167109109538356
157928,0.014240861042991035,0.45459291341723607,0.031724525559300845,0.0007168213247268803,0.4987248786557452
158744,0.0067782062658159085,0.5068640233769777,0.03136345132929371,0.0013972917820807911,0.45359702724583206
159977,0.0022143746905361962,0.47722160867246194,0.00017138486224546398,0.004612613746072695,0.5157800180286838
162581,0.007468322106755842,0.46578454366940786,0.03296642064051383,6.609165372408715e-05,0.4937146219295983
163562,0.007639514856266426,0.509787481451087,0.015656095027104407,7.220405939034617e-05,0.46684470460615163
166259,0.007964477186831586,0.4715402291933813,0.00175920183978432,2.1981698172538504e-07,0.5187358719630212
167122,0.012705117131600567,0.4909780118099569,0.05422757855504086,0.0017602117505082196,0.44032908075289334
168330,0.008566549233536322,0.5080733194132137,0.016991129102633885,0.0035779089438024666,0.4627910933068137
170116,0.0029289211549509272,0.4394679091389448,0.0031058195646199425,0.005687618083031823,0.5488097320584525
170191,0.014605603129449892,0.47403307066070705,0.04303629872872286,0.008072414875139444,0.46025261260598077
170670,0.005102290650894274,0.4510617575591392,0.037075880012181386,0.006262262054468873,0.5004978097233164
173371,0.00999214599546133,0.47533251902781853,0.03753878054461614,0.007206853806797758,0.4699297006253062
176606,0.008695883753639557,0.49940477556201024,0.02883102616600496,0.0013901202042070698,0.46167819431413815
179642,0.018229684410582512,0.4964398226277806,0.053991975774109136,0.00933750268405472,0.422001014503473
179765,0.015441327796579269,0.4827059985442868,0.002079028285637557,0.013754260279367252,0.4860193850941291
179898,0.011154263965784698,0.4720005943837949,0.03842675573994262,0.00017876224151333085,0.47823962366896444
180011,0.009272393564188018,0.5108194832386025,0.010698392048091736,0.0003822931721261047,0.4688274379769917
180798,0.008512971706276393,0.45380656544135256,0.04332478095628763,0.009975137441215625,0.4843805444548677
181303,0.011082722204856591,0.471030350017826,0.022864972676447957,0.002054189814693716,0.4929677652861757
181666,0.0052602314354931005,0.5155853391942986,0.02096070550454618,0.002575654815809595,0.45561806904985264
182155,0.003334677365634983,0.45709468800776265,0.012081400646216255,0.00899174899775172,0.5184974849826344
183127,0.0019197185770178048,0.43562574504397406,0.01609236809337581,6.817285916849318e-05,0.5462939954264637
185409,0.012862805997150622,0.47128149443159084,0.0,9.939665270961259e-06,0.5158457599059877
186632,0.012673095178294565,0.44247155956956413,0.014049676478768064,0.0056172467414285394,0.5251884220319447
186637,0.0024537824539579665,0.41405223197297664,0.007337085905423658,0.00029088021521838937,0.5758660194524232
186929,0.0018935712058695082,0.4531976358523448,0.004671674758862657,0.032303879692242896,0.5079332384906803
187055,0.010611376897610667,0.4978810727760282,0.05221556422681325,3.054453774547948e-05,0.43926144156180225
188439,0.02109283023405565,0.46082270549668125,0.008218973945356648,0.01139755031394953,0.4984679400099569
190236,0.010616544261085763,0.44286750685694287,0.062178474979114086,0.01499707313094032,0.46934040077191697
190756,0.002788014639272728,0.4057874509299328,0.018335707570535337,0.00010703210951776567,0.5729817947507415
195754,0.008313040521502913,0.43573430573617633,0.015780288995691786,0.006843612034167002,0.533328752712462
196141,0.012437039634138091,0.47811842631377427,0.031141048116611513,8.309924046462641e-05,0.47822038669501155
196185,0.010055448804279523,0.49930806678975703,0.019544106932105856,0.018749956526208308,0.45234242094764926
196843,0.014118211650239949,0.47002906049575754,0.05022689484132663,0.029340055751944604,0.4362857772607313
197388,0.00741443608906538,0.48267165552454305,0.024500611615237564,0.00017808574505774827,0.4852352110260964
198641,0.01070801114079878,0.4752994752550444,0.07656222545265189,0.02556797506486812,0.4118623130866368
199236,0.0072469729207548855,0.47590168790049253,0.04842305844000768,9.032915387298558e-05,0.4683379515848719
199681,0.006933333953830302,0.4294516030178874,3.0563112772757196e-09,0.02666288232174149,0.5369521776502295
200162,0.0017095553740044183,0.43835984292433383,0.04961602332095839,0.0013907433968164172,0.508923834983887
200252,0.01486906461000004,0.498166107519382,0.037900604988538394,0.015384074202327066,0.43368014867975246
200961,0.012241272340267161,0.5123392394692147,0.01875531145161122,0.005108162597791895,0.45155601414111507
201775,0.005408844015083224,0.47563851593431783,0.00320656663249668,8.510623272906915e-07,0.5157452223557749
205105,0.00834765468967946,0.5197157681630618,0.04154641860541122,0.0051569085931077435,0.4252332499487399
205647,0.003212057845653506,0.4551267723530413,0.0,0.0019418580989898559,0.5397193117023155
205776,0.007851321022094895,0.4361904435427483,0.030805490078298938,0.025832059607419553,0.4993206857494382
206135,0.007239540687174587,0.49054788871525284,0.011953845033509283,0.006136986333183739,0.4841217392308796
206411,0.004848748946115745,0.4472933832616819,0.01876227531917751,0.013421751415575773,0.5156738410574491
206994,0.008321124639390907,0.474939269840676,0.04090507934989619,0.035524432262992865,0.440310093907044
207306,0.01801022344348841,0.45552409834533614,0.02465560050892839,0.013525903608580806,0.48828417409366637
209972,0.0023627056416918256,0.5193579888296159,0.019839750035886745,0.0002622015791226357,0.45817735391368286
210230,0.00727193126037146,0.45358663272980776,0.03826920893896465,0.027455908101785772,0.4734163189690703
210299,0.004417428576531308,0.47005595991421373,0.025281085853451984,0.0004605930484227351,0.49978493260738033
211674,0.008160039909360374,0.48426948411091947,0.044447766683356676,0.00035918349636199616,0.4627635258000016
214192,0.0030004278904699417,0.4595767551695907,0.00297906890312135,8.231555209992298e-05,0.534361432484718
214205,0.008600454500149434,0.5015606091592841,0.05965999518285182,0.003455449475053543,0.42672349168266127
215245,0.00631416800509878,0.4868981905154911,0.0,0.0025575199666621256,0.504230121512748
215259,0.011494186360575708,0.5031411615935291,0.01463113608701755,0.008831613488127034,0.46190190247075075
216636,0.01432200683783375,0.44871551839355156,0.002918047659417539,0.006695201142191876,0.5273492259670052
219440,0.0018454478699550837,0.48559879946667495,0.009597735965246317,5.674522872584765e-05,0.5029012714693978
219578,0.008389693362864692,0.4377340927840566,0.05651033986740095,0.011876460875654485,0.4854894131100233
222118,0.003823079631889853,0.5438783728110943,0.04671122299190657,0.00010439880449013044,0.4054829257606191
222299,0.016820264022018923,0.4723278895082313,0.06996852474460831,0.012066339336358757,0.4288169823887827
223130,0.010962025848511168,0.46535649842655524,0.0,0.00021489652141496306,0.5234665792035187
223738,0.013566201639446825,0.4889645173764382,0.025787429069734687,0.0003761812565804007,0.47130567065779994
224337,0.013193487289168205,0.4948345283652725,0.028159062894127212,0.016449403040342297,0.4473635184110899
225405,0.005872683228448902,0.528989325320014,0.023532485066408676,2.21080063812392e-05,0.44158339837874727
226111,0.005281444850580927,0.4973322847481105,0.0,0.004266306626803199,0.49311996377450545
226984,0.01144204564644218,0.4234208443023648,0.0054061002246324425,0.014312088665097028,0.5454189211614636
228981,0.0023804346546485162,0.4039761955967948,0.02181078961986578,0.0024319846986949516,0.5694005954299961
229659,0.017939282551717315,0.4855615371807842,0.020896230860525885,0.004790103857669464,0.4708128455493031
229849,0.01015756919776728,0.46290030688501405,0.023409126714797387,0.0007759347767611495,0.5027570624256602
230008,0.018511012289408733,0.5117276706983167,0.03991566672032376,0.000293041138617929,0.4295526091533328
230166,0.0034019979358614937,0.4913701735128511,0.033469700451697684,0.00011760597163345354,0.47164052212795626
231237,0.006931669436153838,0.44213738071732095,0.008802688379677494,0.012650901863335642,0.5294773596035122
231549,0.009789984336702699,0.4630487923136122,0.029984523270148264,0.024543685104919197,0.4726330149746176
232538,0.005809800679731616,0.4552799419325813,0.057037300185940124,0.027037713002286103,0.45483524419946086
232646,0.004936981679642021,0.46481557209303426,0.0,0.00048218794132304845,0.5297652582860006
233033,0.00595242786765904,0.4503583203206047,0.013945300129591645,0.0032232683978020136,0.5265206832843425
234366,0.0032972387621990258,0.4784857548701876,0.030740414756146025,0.008579619701793216,0.47889697190967423
234526,0.01123485387736487,0.47957950847791353,0.044636278388927794,0.0005749084545398612,0.46397445080125393
235778,0.016914465809656644,0.47613917520837196,0.04177450293457122,0.00045596043231631533,0.4647158956150838
235836,0.0014206396946232658,0.46321733165760015,0.018941898964698282,0.0001309677254960096,0.5162891619575823
239318,0.01749745852852731,0.5190327549915449,0.09465453854128449,0.003037646341911206,0.36577760159673206
245320,0.0077386360683607425,0.46890056296480837,0.013240930961556235,0.0020708945496096844,0.508048975455665
245576,0.010616182229735318,0.4604273786192833,0.08491371335953625,0.028150368300295766,0.4158923574911495
246454,0.006096687758473624,0.5318882967234086,0.04976467726442301,0.0002961808072273107,0.4119541574464674
247917,0.004837164347363583,0.4580233086727871,0.01952390700801931,0.00022150541726396398,0.5173941145545661
248334,0.012002044693152322,0.5069668310311545,0.044091787561598254,0.0002477570235489402,0.43669157969054606
248810,0.0030690169596853246,0.4739644080833638,0.009003094452243742,5.780380064140344e-06,0.5139577001246429
249180,0.014266581636522925,0.46588333611531313,0.019253208882956566,0.005424486427676425,0.4951723869375311
249643,0.002115109306609548,0.5482690430065392,0.042099550940525386,0.007405689847859125,0.40011060689846684
250127,0.004968157518304529,0.5252549753833397,0.04712824117413251,0.0011099043719321152,0.4215387215522911
250137,0.019760901822602327,0.4811197317459996,0.03143180829572971,0.0023876838188993366,0.465299874316769
250282,0.004949875699823129,0.5116539929994196,0.02328838577445432,6.26592551556542e-06,0.4601014796007875
250619,0.009821109336987476,0.43139037851786866,0.018957616258836317,0.0029684569543607653,0.5368624389319469
252216,0.011286023963563527,0.5376136755730363,0.012831156016203833,0.006945007290286058,0.4313241371569102
252294,0.017225046336408163,0.49494014016440113,0.047853531648544535,0.023600858257629892,0.4163804235930163
252776,0.014793326936431343,0.46995553689937114,0.031575889593018186,0.0012428864517631216,0.4824323601194162
255718,0.010377135204515268,0.47614474965675263,0.0,0.014277804905004623,0.4992003102337275
257624,0.006639293009613669,0.4764556591580937,0.018853490536885238,0.00029018714459235005,0.497761370150815
260657,0.0022613445810223455,0.5011738419953844,0.0,0.0052398036733077935,0.4913250097502854
261888,0.003492762207681213,0.4618826274462047,0.02124165341095713,0.002050959775913554,0.5113319971592435
262938,0.007982156939700589,0.49439939705019004,0.021435382864353793,0.019280778840548546,0.4569022843052071
263068,0.00306509868026596,0.4119914429356198,0.005526362614507872,0.00016914965423709313,0.5792479461153694
263299,0.0010446004413439246,0.46829360016409594,0.024984191839211627,0.0018492460596242178,0.5038283614957243
263463,0.007396407527594275,0.49996947210896153,0.029821717907163665,0.00453444570678382,0.4582779567494967
263474,0.02487073859228104,0.4570023539008571,0.0,0.03857304491261119,0.47955386259425076
263796,0.005583541913455549,0.46679707883990884,0.0,0.005879301712172896,0.5217400775344627
267351,0.0034450012881521853,0.4376948995135863,0.031211923830359863,0.0010636524846905965,0.526584522883211
269196,0.0046642674365993475,0.4587998170017658,0.029442296121762565,0.0005551817953378938,0.5065384376445343
270244,0.004681779419496637,0.4090347994073084,0.0,0.00016722685993734055,0.5861161943132577
270386,0.002411015919162856,0.4958606731609683,0.0,0.00035134667138956265,0.5013769642484792
272136,0.009978390247833957,0.4924260428399001,0.06964881830411516,0.004315605557189209,0.4236311430509614
274272,0.012254485059807932,0.4957288037835476,0.04415794849005076,0.00021055455694697305,0.4476482081096468
278749,0.010140091957695167,0.4505045818066323,0.02016830991578649,0.011358832980122259,0.5078281833397639
279145,0.007122059745844442,0.448183107341952,0.006464770701810239,0.006766660636240101,0.5314634015741533
281414,0.016652631036729263,0.53330720162932,0.03677988401443987,0.001922283697743441,0.41133799962176754
282046,0.020842242529787485,0.4641510536953276,0.0,0.010906048323728632,0.5041006554511563
284106,0.011156415135838479,0.4472886340348853,0.024110645386941514,0.015788439943603724,0.5016558654987311
284743,0.02301124568754566,0.48782359468718306,0.03287215378232112,0.005480945406373402,0.45081206043657673
285349,0.0014525842453937915,0.3372269282748542,0.025559601101959328,0.012544459517683673,0.623216426860109
286182,0.009685791199724701,0.4670888285859892,0.0346806925543486,0.008778593490925607,0.4797660941690118
286523,0.00675650032029696,0.520025045909271,0.049149266955242105,0.015060023544954356,0.40900916327023557
287667,0.003417591045198259,0.4191599522763924,0.020863651828636955,0.04830014034972652,0.5082586645000459
288862,0.010432152630085135,0.4713205947206863,0.02548102297593708,0.0013332898554117012,0.4914329398178798
289594,0.007234967044444453,0.534242480415142,0.01472394759540016,0.003559180770356452,0.4402394241746569
291551,0.010087977280167124,0.4506743297242308,0.018101039489546195,0.0009194693420437976,0.5202171841640121
292005,0.009508602908181093,0.43596728920944444,0.0029293405638947776,0.001138837730955464,0.5504559295875243
292415,0.007461013975557654,0.4873369909011947,0.014543768200580096,0.0007636052104356998,0.48989462171223186
293245,0.013104341516228836,0.49272572251750035,0.0,0.012792553375017798,0.481377382591253
294350,0.007387897455205308,0.440468326454647,0.03821717502355734,0.008917426568661978,0.5050091744979284
296284,0.004829998610507099,0.43526381082077914,0.0,0.0005748347539625263,0.5593313558147512
296634,0.010171990037465444,0.4397326034114298,9.683826343613377e-07,0.04105037587360933,0.5090440622948612
296657,0.0032779566250294386,0.4638604501728577,0.0023696199449535884,0.00032996263588622806,0.530162010621273
297085,0.019094600864906396,0.47030744134087066,0.054455038652728396,0.05712808634533353,0.39901483279616096
297578,0.015217088612681477,0.48083723570290315,0.03159937496623076,0.02772232590089038,0.44462397481729427
298396,0.007421550029626515,0.45182593793385817,0.017511455632979993,0.01234537217087622,0.5108956842326591
298697,0.015412638348938343,0.5102417320288164,0.0017958191902884397,0.013756769995153703,0.45879304043680313
304560,0.005925383594537885,0.5034700081810496,0.044364868261540916,0.00030598941813258623,0.44593375054473905
307074,0.004816546135721514,0.4536322982038951,0.006708522078869714,0.0011984735194758877,0.5336441600620376
307145,0.01655301554248915,0.4226155520974995,0.02742876021691068,0.0075869629341542705,0.5258157092089464
308753,0.004738752102121342,0.4469555256441432,0.04120447041953328,0.000998919879219289,0.5061023319549828
310980,0.006451351091089183,0.47668075686943634,0.10311334429009889,0.0002064959560217124,0.4135480517933539
312192,0.006430970909569902,0.4520231546030195,0.02595474796575203,0.004518209147145431,0.5110729173745132
312237,0.008953296204393956,0.46677484522081464,0.020994936275586774,0.0004207524587370093,0.5028561698404675
312489,0.0037762043714221053,0.4924854366837436,0.030090786370238605,0.00022241322753861363,0.47342515934705703
313562,0.01513817904188664,0.4992089303913035,0.016954533097554705,0.027334015384864786,0.44136434208439035
314914,0.016012722231739683,0.4733253972189855,0.0,0.00641871574901878,0.5042431648002561
317999,0.009811414762487562,0.49910030862948146,0.08902920240008856,0.0028589137848415293,0.3992001604231009
319617,0.0010802741019590083,0.4493891823368951,0.026312066400759237,0.030502840755560125,0.4927156364048264
320706,0.012331183483747314,0.4282275366963586,0.0,0.006029973990612312,0.5534113058292818
322352,0.01065042859406512,0.452102531113965,0.05159571055214173,0.005776794173209399,0.47987453556661885
322864,0.012360582407286056,0.4632628440543615,0.006142415685133908,0.0005048881796345409,0.5177292696735839
322895,0.011301890645044083,0.46098272756142655,0.02914585671719886,0.005790227998842731,0.49277929707748785
325031,0.011373984033287689,0.4366489250748364,0.010852414916438832,0.0017867416207250169,0.5393379343547121
326128,0.005615440349488111,0.4577087031512612,0.015064131411375806,0.006052418150689676,0.5155593069371851
327769,0.008217073844081687,0.4787301238635434,0.06951864078179557,0.0003553540147683776,0.443178807495811
331075,0.009893542583146021,0.5148643519692663,0.025031276778011473,0.0007017518325260623,0.4495090768370501
331604,0.0024541007958342248,0.4489593409602267,0.010103094463100365,0.004415431655454568,0.5340680321253839
333697,0.012146057695197469,0.44658189315483726,0.0,0.0001825953152110111,0.5410894538347542
335529,0.0033088861547749203,0.45811781799781937,0.0007753110950030099,0.005439418433829229,0.5323585663185736
336209,0.002076317048637745,0.5012273195547263,0.003635503845600182,0.011955208902206272,0.48110565064882954
337055,0.006063757902802496,0.4656772272830811,0.012627432679498363,0.022716202096066545,0.4929153800385514
340272,0.0007966213925554417,0.48789160810986154,0.024793992740253866,0.0005818213301593925,0.48593595642716986
341681,0.003454435548939671,0.45109001772930496,0.020175955275488867,0.00047790936309584456,0.5248016820831707
343803,0.0013721799755277897,0.5459004942797605,0.019638899233895172,0.004895420920480452,0.42819300559033613
343976,0.009096381790550319,0.44335691413465356,0.0040801776655010205,0.001318577641577152,0.5421479487677179
344795,0.004585981120364222,0.4189740673880315,3.3946057174136305e-09,0.0006816238482900333,0.5757583242487085
345397,0.002824929936517938,0.5238510414178364,0.07969775349451341,0.0004352035636048189,0.3931910715875275
346232,0.0216854776324185,0.46344743922042164,0.015703696107296394,0.0025552379292896467,0.4966081491105737
346638,0.017614320859064166,0.46278426724881644,0.07728227852368903,0.021306253424267445,0.42101287994416287
350054,0.008845078021549189,0.5054721517936458,0.027124110614512767,0.020679448547779835,0.4378792110225124
350388,0.003688390153597481,0.4052244969388751,2.149612516566054e-06,0.014578351998187673,0.5765066112968231
350833,0.004730626220204292,0.42454117786026824,0.008446253800123975,0.002448359267943264,0.5598335828514602
354829,0.017633502924467533,0.47248223176763454,0.022879379274254118,0.015455284939806897,0.471549601093837
355325,0.011605277461129979,0.4479996723317477,0.037806205049908365,0.009816649532851548,0.49277219562436253
358427,0.0033922364834583743,0.4141333728093899,0.025111250828678374,0.014404862063356836,0.5429582778151165
359219,0.007510104430534941,0.4610953527230566,0.008823551406728436,0.000725583591085635,0.5218454078485943
359540,0.019553087076234207,0.5010144917005495,0.01744571920639578,1.6180571966649727e-05,0.461970521444854
359833,0.005495517545060586,0.4901222598149455,0.031710931652001326,0.003827579577077014,0.4688437114109155
360137,0.012355145917111461,0.44235531230935393,0.015547096817446806,4.477135102678486e-06,0.5297379678209853
360325,0.005766945650775176,0.5090489598053762,0.015950185289391537,0.006172166584642867,0.46306174266981426
361506,0.0004615895231547563,0.4857507890340943,0.0031427125751570424,0.0015414410887146489,0.5091034677788793
362434,0.011514227660881438,0.49357195560534933,0.004716525438857267,0.032313380037735394,0.4578839112571766
364102,0.008883965089688974,0.5332615909475159,0.018916162449255286,1.1104385823797779e-05,0.43892717712771606
364636,0.012056332855119489,0.5053232827198579,0.0289922633727177,0.011580421665635908,0.442047699386669
365098,0.021028438248472177,0.5003956327570946,0.036890161154910346,0.002530116707706407,0.4391556511318163
369503,0.013960966231089935,0.4449157813974919,0.023470352203113533,0.011665420267346766,0.5059874799009578
374551,0.00654873252051294,0.5077994302388004,0.03666353619906475,0.0005928301103596686,0.44839547093126236
374727,0.002538404782748359,0.4647048875920417,0.0,0.0015123639243913975,0.5312443437008187
376856,0.002550857746788043,0.4853449067848146,0.03400468007509994,0.00478684017164508,0.47331271522165236
377239,0.023815426267379942,0.48134385722379286,0.015608585293420957,0.013362000923031025,0.46587013029237523
377486,0.007016914506749157,0.4318480997692659,0.054825884065611764,0.00010421218504726957,0.5062048894733259
377575,0.0042577207334339685,0.5261177429382312,0.03727009710221689,0.0011011736735727362,0.4312532655525452
377588,0.01690849805183307,0.48906641094535075,0.019598786253814223,0.00021472779221995284,0.4742115769567821
378284,0.012446203162696618,0.43424686920039574,0.03963929933898207,0.014234549768569466,0.49943307852935614
378453,0.0007743621782656495,0.4341761246765277,0.0,6.96509535940717e-05,0.5649798621916124
379533,0.003902327170228354,0.47193724468982884,0.0,0.001027829816572156,0.5231325983233707
379842,0.0012558853833634193,0.4939258314992603,0.047191516921593755,0.01658575556095926,0.4410410106348233
382009,0.011670495579527195,0.4914049622324086,0.03751109783992,0.0012594699208330195,0.45815397442731126
383842,0.009105322079326086,0.5164917421602792,0.06607735031557418,0.011010460708067412,0.39731512473675323
384350,0.006521453359615667,0.4607158211665725,0.04291127982567161,0.008693450994518424,0.48115799465362186
384651,0.016386540725788015,0.45973477354230463,0.041370049761518146,0.01781886148836401,0.46468977448202525
385997,0.009180446828495607,0.4727616439313546,0.04484366477975867,0.007079796476193784,0.46613444798419745
389316,0.013881088882733367,0.502179308050559,0.004898811691725674,1.40979921358213e-05,0.47902669338284615
389684,0.009571421333488456,0.5032848368586763,0.044697577406242424,0.00027443017281934194,0.4421717342287735
390301,0.01016908056179479,0.5008310808137107,0.0,0.014151161454071746,0.4748486771704226
393115,0.005124052436829428,0.45444168701989485,0.01811958920747453,0.001421087686925668,0.5208935836488755
397354,0.00967077320682286,0.4701407378145768,0.018265725217948867,0.0074035037237772765,0.49451926003687413
397681,0.009663438718538335,0.41562007139274176,0.0026732177513737352,0.026227581957999496,0.5458156901793467
398810,0.017366537307043486,0.4492365209922611,0.057209715676373736,0.007150027402461202,0.46903719862186066
400573,0.016146101302317452,0.47218994870969233,0.022953677792161488,0.00443821393104836,0.48427205826478037
400803,0.0034069828207756022,0.5092485277079823,0.07938238162272929,0.0010831336013267278,0.40687897424718605
401250,0.0029963905432694943,0.47426910306112,0.017683329123655563,0.0,0.5050511772719549
401991,0.010326114167512076,0.47562718925433556,0.053569708714222744,1.0773256045189842e-05,0.4604662146078844
402096,0.006589348683320121,0.4991109067946398,0.0,0.016231197236710054,0.47806854728533005
402346,0.0010558297621398507,0.4329063724999617,6.534982243802013e-05,0.059370238919582145,0.5066022089958783
403565,0.011200463642048469,0.5083095689699121,0.02480404280789814,6.438536245592369e-05,0.45562153921768545
405432,0.012566923485802618,0.5060774020755998,0.022281693233694343,0.01154933081873172,0.44752465038617156
406570,0.008800951347212073,0.47098071617504195,0.0013671789108806074,0.0004755552350139768,0.5183755983318514
407646,0.003680139828243068,0.5048589185208389,0.07796876767111895,1.612863595576271e-05,0.41347604534384347
407650,0.004089588978764495,0.48140093129573164,0.007103753913527022,5.3307500118341444e-05,0.5073524183118585
409198,0.010308000454181012,0.5126052589219258,0.007548475031965329,0.0008924827078730287,0.46864578288405484
409268,0.002650532030014279,0.43178872251758016,0.0,0.05878251750474198,0.5067782279476636
411953,0.013067680119260919,0.48546713720896834,0.041827291248306385,0.009335721903585758,0.45030216951987867
412286,0.0027771895748910885,0.5154482429463281,0.032147798572413205,4.478620482190856e-05,0.44958198270154565
414133,0.01088275890530128,0.5071477926712626,0.00017384874267573197,0.012409521716593893,0.4693860779641664
414261,0.00751242135989012,0.49364252065261655,0.011706991624296307,0.010864348697607948,0.476273717665589
415748,0.009513840864917333,0.4915275801741627,0.028879075160164004,0.0011094848745449252,0.46897001892621104
415882,0.010120392887722127,0.5361267893698833,0.02343945401187442,0.014128763908148571,0.41618459982237166
419096,0.004785008230781535,0.46279066328340634,0.04055997724602863,0.007654547776051105,0.4842098034637325
419312,0.003989482753881098,0.4232704079135244,0.026777074440680074,0.002271560485940295,0.5436914744059741
420230,0.017176443893970345,0.4027341011085088,0.0,0.001605728385133459,0.5784837266123874
426253,0.01014371692295795,0.44590659156643053,3.949420840734311e-09,0.011980454238487688,0.5319692333227031
426372,0.007594907372139566,0.503145151534747,0.04983539837510638,0.0005028341348059572,0.4389217085832011
428867,0.004213709952513489,0.4756060797794451,0.027529821010650886,0.010280781731102038,0.48236960752628855
430875,0.003198308325594755,0.4161013018727557,0.0,0.001278071473193826,0.5794223183284558
430973,0.004722090356832116,0.47702791597527255,0.014287677291842604,0.005403907876693956,0.49855840849935884
432553,0.013007663227752961,0.5577026142361788,0.05967513052362809,0.003998091981983089,0.36561650003045704
433134,0.007520422434140788,0.48074332730586306,0.039830970674941846,8.803393750548942e-05,0.4718172456475486
434548,0.010045437810131707,0.4954559216180229,0.020471870602580752,0.00011385544267932314,0.4739129145265853
436315,0.002591420895324964,0.4418931745867543,0.0027469965691272994,1.5413423123351963e-06,0.5527668666064812
436883,0.018357853644921252,0.5420876119216369,0.05245775132068899,0.0004861817018376923,0.3866106014109152
437351,0.00029627689344763087,0.5182449220187665,0.021745926592763285,0.007900314714650683,0.45181255978037194
438304,0.004604591929358221,0.5170935190930214,0.05518559281849437,3.3953019177873474e-05,0.42308234313994825
439994,0.01936593851475313,0.51260652301664,0.009635152097576568,0.0004686042904640972,0.4579237820805662
440336,0.005311826726153028,0.5071492214086966,0.007962734134902321,0.0009610920242999393,0.47861512570594805
442661,0.0034755288743359807,0.4665342685972442,0.0,0.0008162450079400792,0.5291739575204798
445602,0.012163483361579108,0.46457473726873955,0.05523904050369499,0.0009652616357456941,0.46705747723024066
446117,0.002581873426401504,0.5089789593147048,0.023735377431069238,0.000190424771378383,0.46451336505644614
448263,0.0185115160102018,0.4670578077110513,0.0770336921183965,0.0003287890414028032,0.4370681951189477
450202,0.012547543790094944,0.44340961690216263,0.04268975340909757,0.004516691034279881,0.496836394864365
450399,0.04480181135659703,0.48649878685355674,0.019569848076417873,0.019545791374460598,0.42958376233896767
450488,0.010115641253529532,0.4601610419958385,0.025272059382403844,0.007024202682892174,0.4974270546853359
452084,0.00227317630037835,0.45705116559084247,0.020721593415219865,0.02128468018407257,0.4986693845094867
452122,0.01607785670422856,0.48891555288301347,0.04836576470575098,0.013828359323050272,0.43281246638395665
453634,0.014942976803401774,0.4720148500407714,0.028724738621512477,0.0030801178657675135,0.48123731666854686
457848,0.018511804700653476,0.4358345945323586,0.014522560724442576,0.017549388915174068,0.5135816511273713
460379,0.00371819029965891,0.4415240842627329,0.0,0.0009648985489307501,0.5537928268886774
460682,0.0010483169960487362,0.49813088127454636,0.02430858934703015,0.00030860457654071575,0.47620360780583404
460927,0.01466664776710906,0.5121808845653659,0.028247118802445476,0.00028368691609189273,0.4446216619489875
461275,0.008566098517214168,0.4849204139545668,0.0,0.015134025956838467,0.49137946157138057
463283,0.01366070941626064,0.4991979988769214,0.029722902645705047,0.005950351429918171,0.4514680376311947
466602,0.006261057706986011,0.46329157541084026,0.039812651145469946,4.6629469230250796e-05,0.49058808626747363
467848,0.008954177481798794,0.5277599737208525,0.01058358673529741,0.0036717860643247094,0.4490304759977266
473118,0.005424503973780847,0.5036110738823242,0.01196911442571968,0.007200534274025346,0.47179477344415
474078,0.008108369963798066,0.48495257172706685,0.02891863547121473,2.930407048486763e-06,0.47801749243087194
475678,0.008483777826468492,0.46491476602863635,0.0,0.0019059373927444348,0.5246955187521507
477805,0.007431100671003987,0.48566578931001353,0.05532094048782317,0.01181105771754348,0.4397711118136159
477955,0.010020226394943679,0.5083882121627614,0.026931255375500136,9.837793743975153e-05,0.454561928129355
478420,0.0074627150487026304,0.49278694211232366,0.011037368046474327,0.00024660401501346864,0.48846637077748595
479596,0.008282708423365573,0.4590546855074398,0.00013046735261826667,0.004820204630753337,0.5277119340858231
480021,0.009587029345466347,0.5021879750085937,0.02337695016631037,0.00040744011842809894,0.4644406053612015
480212,0.009074927212870888,0.48868742071724397,0.041550071093098724,0.0032718239281533524,0.45741575704863313
481573,0.0073221772379615906,0.5155303901446429,0.031655030098911394,0.0034651488923985365,0.4420272536260856
481582,0.018091134656072805,0.4966798099123588,0.09916514270334023,0.000437582330081949,0.38562633039814626
482978,0.00662060937261066,0.4443032766121313,0.03360510614393193,0.021120372242662746,0.4943506356286633
483531,0.01373446089710934,0.45646465550467824,0.0342469056802163,0.023170605633603167,0.4723833722843929
486046,0.010692095007975605,0.4533316517282673,0.0,0.0028068182206113673,0.5331694350431457
488385,0.0035307480068389636,0.5155000144015532,0.0,0.011621202959901752,0.4693480346317061
490413,0.006096628023299378,0.4198305131056101,0.05029038273224986,0.017316024601271116,0.5064664515375695
492110,0.01740961597279064,0.48903865224327575,0.08869957068555111,0.0015137593491426574,0.40333840174923985
494634,0.006231191552515876,0.4884919183849717,0.07175825291581102,0.011494381480910537,0.422024255665791
500423,0.017032180566894737,0.49442334506815394,0.06407239129725446,0.0026296893942646393,0.42184239367343224
501243,0.007645510858957201,0.47278719766733357,0.0,0.002140357309163739,0.5174269341645454
501368,0.009041448805077717,0.522957609031348,0.01274156363614847,0.005379623679224233,0.44987975484820153
502910,0.011645729160505993,0.5168863482585773,0.0016506237960884286,0.01275071320855045,0.457066585576278
504074,0.01271126388613232,0.529539689583709,0.048687672892552554,0.005145309835486941,0.4039160638021192
505789,0.01617210856260233,0.5338921025777432,0.0511269422019121,0.00030660324289498404,0.39850224341484736
507042,0.005640814826705571,0.4379915732323948,0.0,0.00027768312766723874,0.5560899288132324
508730,0.004641480741113363,0.46967310671470514,0.01922133901383197,0.0031471580861472674,0.5033169154442023
508917,0.007989814364871378,0.5099301079061374,0.06976059706396477,0.0006819813707689528,0.4116374992942576
509260,0.0040948013228243796,0.45719054694997113,0.04071550714241006,0.006257233495263148,0.4917419110895312
509735,0.005672849899186292,0.4127097076927385,0.0,0.0007447548417942056,0.580872687566281
511384,0.005270881439206974,0.5148514597416441,0.018969614472756965,0.006415585648295712,0.4544924586980962
511760,0.01079432521039351,0.44247468002938406,0.00014597949976534097,3.690939771644789e-05,0.5465481058627407
512194,0.0007583986186672876,0.43520955541003387,0.005930668246555115,0.01067739581547877,0.5474239819092649
512248,0.0034511533767331445,0.48810300421360514,0.022635777656006748,0.0006966881652538884,0.48511337658840104
512985,0.01507100756697597,0.4994487494778786,0.025410009379446038,4.2007148299149055e-06,0.4600660328608695
514797,0.004271196878044517,0.503202697153469,0.012349557757837444,0.00014587269801458525,0.4800306755126345
515579,0.007706910143259476,0.5328755432716344,0.02926888697235986,0.0001830986077766223,0.4299655610049696
517056,0.003412964664540142,0.4532088812877227,0.02398503836752434,0.0068807140879348794,0.5125124015922778
517687,0.0032181562039942766,0.430288237887579,0.029547228899246332,0.023048654020918484,0.513897722988262
518213,0.006052368631089857,0.4937670403434129,0.0240069500755178,0.00031165597748476255,0.4758619849724947
520707,0.017229157938021846,0.449882214390992,0.026789365357344372,0.002202162079677838,0.503897100233964
521819,0.0018673126274272277,0.5111829625193204,0.014753981257056127,1.339764059284201e-05,0.4721823459556036
522638,0.006454065642975371,0.5141526231209269,0.011303364942980091,0.01690963021106163,0.451180316082056
523782,0.021231677579287286,0.4460866986306344,0.02628294973483314,0.022967668076182175,0.48343100597906297
523957,0.007689697285613847,0.4572357739467479,0.025445514440455317,0.001417004711996556,0.5082120096151863
524742,0.004888767993099931,0.45585732483975877,0.06440270233676779,0.009753157843638394,0.4650980469867351
525322,0.0018015768321406488,0.3776590122955052,0.0033576510482791473,0.003832943970471019,0.6133488158536039
526392,0.007755266748703464,0.5414107554898061,0.0002626148517787099,0.012917730926064326,0.4376536319836475
527029,0.01480542860883697,0.48686622950135194,0.01978854203206923,0.0019973524550504084,0.47654244740269147
527220,0.002238501022481356,0.43075753316254334,9.507447373947563e-05,3.8054026150218565e-05,0.5668708373150856
528399,0.016503268934440523,0.488370395258244,0.055289137894795656,0.008710296261823581,0.4311269016506964
529528,0.012069849312147727,0.5033722205154227,4.353689029939569e-05,0.022509695356831103,0.462004697925299
532058,0.002538553686222405,0.4723185845424923,0.07743613150219249,0.0001378955439298385,0.44756883472516296
532761,0.01580921022962771,0.4790788573517085,0.04181507400999572,0.00591038156047377,0.4573864768481943
533145,0.007363899121486006,0.5058457385151879,0.05798507856247084,3.8977007818357496e-05,0.42876630679303673
533206,0.005965403150009245,0.4668006717627143,0.023983922576710486,0.0052966818466687665,0.4979533206638972
534827,0.008465165716602108,0.44176940680575416,0.01689944107249716,3.1427094499119876e-05,0.5328345593106475
537506,0.00980924653402882,0.47347956302163036,0.030313223675060466,0.0014018021314643955,0.484996164637816
540414,0.01807213673268879,0.44147091939592326,0.031129821457415285,0.008656716786156336,0.5006704056278163
540466,0.010866059840137795,0.4553403708929043,0.03292908610956303,0.007667028177299096,0.4931974549800959
542423,0.009487716741589537,0.49419419936349673,0.02060032863035861,0.0004792001074631036,0.4752385551570919
543043,0.015668838511901574,0.5053814528441961,0.030319387383069257,0.00993102442209215,0.4386992968387408
544811,0.009161490165948267,0.48365034380220273,0.016183979367124523,4.163436393247845e-06,0.4910000232283313
549055,0.004411022967542934,0.47685563324687685,0.010829260416164036,9.097877679272306e-05,0.5078131045926235
549674,0.0070550381624319945,0.492687112069095,0.061540747985749954,0.00832649795061024,0.4303906038321128
550084,0.01818135580876964,0.45073006181601716,0.0,0.007980768929780616,0.5231078134454327
550714,0.007009426852276921,0.45011054003311673,0.022770158232384968,0.010962036205655801,0.5091478386765657
551822,0.017342392356721338,0.5121776126543325,0.029259134020141103,0.009955159702233837,0.4312657012665713
552612,0.0002663771554679755,0.4765171997787978,0.026628720857071554,0.0003125574742006575,0.496275144734462
553339,0.010906561108249347,0.5086899952059083,0.0056701063060447384,0.0006490376593414123,0.4740842997204562
553776,0.009678181138214429,0.5268106529340346,0.015237873217912895,0.011327230170560084,0.4369460625392779
555050,0.006810888668112589,0.4501022184941301,0.041639349162305675,0.000621472945275457,0.5008260707301762
556765,0.003779552396591387,0.43902859926833526,0.0,0.01816517384813255,0.5390266744869409
556873,0.0009136465890086384,0.435189345287288,0.0,0.0001858767073039716,0.5637111314163994
557672,0.01813073420989465,0.4906679430293473,0.03578227793475644,0.0003546404362250013,0.4550644043897767
558073,0.011749985777918116,0.47362499592035073,0.03026223587706296,0.0015771765271646507,0.4827856058975036
561679,0.01006805944265628,0.45854506618490615,0.00839236428378222,0.007840390493983728,0.5151541195946716
561889,0.010932643017168455,0.4545383951373589,0.003134150888142096,0.011648055568249832,0.5197467553890807
562243,0.011294114263181224,0.48392687019478614,0.05099448955607856,0.004648343103486017,0.449136182882468
563470,0.008204074901899746,0.5058508257665069,0.015781862073820367,0.0019288566182264514,0.4682343806395466
566758,0.008320615435245659,0.534776247220096,0.025443263367235302,0.0035871216178410847,0.42787275235958205
567432,0.002940154188801999,0.4224198675991852,0.03689358318781498,0.0021341197812872414,0.5356122752429107
568195,0.006955401655772337,0.5052602609173563,0.06259267385831177,0.006660209393811103,0.41853145417474846
568584,0.008956651691187084,0.5253146154078264,0.016524406990160945,0.01424139985439036,0.4349629260564352
568710,0.00890553085977513,0.4467406431774461,0.025832496730305198,0.003811770463304875,0.5147095587691686
570736,0.005875502511188707,0.46260138473600004,0.016699403392670557,0.001754573786241124,0.5130691355738995
573258,0.01876888488375134,0.4708154482952026,0.05669111139269283,0.0001972754803501809,0.45352727994800296
575243,0.008937673724987528,0.4852916483009281,0.02073764498873433,0.0008996154603293739,0.48413341752502076
576654,0.009652700194159739,0.46315777604051134,0.033201049468574294,4.921423721115871e-05,0.4939392600595435
578093,0.011932484252511713,0.41395815451643625,0.0690785412826183,0.0009496177740804593,0.5040812021743533
578500,0.004573435641518712,0.4457036866202705,0.034220241774717074,0.006308622374462822,0.5091940135890309
580294,0.005610063985997861,0.43970235114002715,0.019259819007108415,0.0036010337939297093,0.531826732072937
580418,0.009061664833180461,0.4878154946767935,0.014897850444119233,0.0005140101375290868,0.4877109799083777
